language_id,speaker_id,k_terms,n_labeled_chips,mse_cielab
1,1,6,330,0.2107872080594568
1,2,7,330,0.18323988160872273
1,3,6,330,0.20554778206505875
1,4,6,330,0.17715221491775673
1,5,7,330,0.19255908534497027
1,6,6,330,0.1583506333721723
1,7,7,330,0.1862654193385612
1,8,7,330,0.17860368150907868
1,9,7,330,0.18180110474993968
1,10,7,330,0.19363067523005015
1,11,8,330,0.1712148514655543
1,12,6,330,0.14863657245877665
1,13,8,330,0.185463964869397
1,14,8,330,0.16560447330735273
1,15,6,330,0.21910498957618643
1,16,7,330,0.21913577048198457
1,17,7,330,0.15717573692590123
1,18,6,330,0.23696567213961017
1,19,7,330,0.19044129463549603
1,20,5,330,0.20617586925302808
1,21,7,330,0.18808989681189325
1,22,7,330,0.16078179993065606
1,23,6,330,0.1674222141577888
1,24,7,330,0.22063449360184642
1,25,6,330,0.17481493105724116
2,1,8,330,0.16460306095057708
2,2,10,330,0.13837032120170184
2,3,9,330,0.1511447100178311
2,4,8,330,0.15165867794542168
2,5,15,330,0.16670867143365742
2,6,7,330,0.2081834750975524
2,7,10,330,0.21809551226814772
2,8,15,330,0.16925487747784854
2,9,8,330,0.24770885546184238
2,10,6,330,0.16451861503076984
2,11,5,330,0.22173730604593325
2,12,8,330,0.15999898161859272
2,13,9,330,0.1523214777921657
2,14,11,330,0.13044235751604202
2,15,17,330,0.14894915602850528
2,16,14,330,0.14059744744942038
2,17,11,330,0.1807502489948644
2,18,8,330,0.14522390252649464
2,19,8,330,0.15510403233860137
2,20,12,330,0.1806615748149079
2,21,11,330,0.17230668886840803
2,22,8,330,0.15811852417365851
2,23,8,330,0.17292657430102382
2,24,13,330,0.17201571986488728
3,1,8,330,0.16930802151374458
3,2,10,330,0.1793644087071814
3,3,11,330,0.13740083581309329
3,4,10,330,0.1514213262933764
3,5,11,330,0.1643062576195322
3,6,23,330,0.13471412660116452
3,7,11,330,0.1322788603230642
3,8,32,330,0.16185686141600247
3,9,9,330,0.136595340127047
3,10,13,330,0.11373427951121676
3,11,4,330,0.19078071506206956
3,12,12,330,0.18265416695602926
3,13,13,330,0.14722965753053674
3,14,4,330,0.18402546790423377
3,15,14,330,0.10008133376582388
3,16,22,330,0.11113799732674176
3,17,13,330,0.14656185654360138
3,18,18,330,0.1272677254578869
3,19,18,330,0.1390503266352443
3,20,14,330,0.14879072082757155
3,21,25,330,0.1507973792416711
3,22,18,330,0.16466220065145104
3,23,13,330,0.17494340825210797
3,24,28,330,0.18482276199838887
3,25,20,330,0.17856905873638548
4,1,9,330,0.16175862391219759
4,2,9,330,0.16649284537804193
4,3,10,330,0.11998911674568973
4,4,9,330,0.22187020932659357
4,5,13,330,0.15214456891089542
4,6,9,330,0.14485492271607706
4,7,9,330,0.17697899080537266
4,8,10,330,0.1580962427261252
4,9,10,330,0.16769466856876528
4,10,9,330,0.1531671129879676
4,11,11,330,0.18199531946797623
4,12,11,330,0.15540283077376676
4,13,10,330,0.17880485783392244
4,14,10,330,0.14338496870080775
4,15,10,330,0.1409298880545525
4,16,8,330,0.22285147951760795
4,17,13,330,0.14318339786818882
4,18,9,330,0.1778928749032763
4,19,9,330,0.17909020939069226
4,20,10,330,0.1510526969529772
4,21,8,330,0.14572930572871762
4,22,10,330,0.1407002835905976
4,23,10,330,0.12249685699157672
4,24,9,330,0.1675596365370059
4,25,11,330,0.12447579969713714
4,26,8,330,0.12941736645615398
4,27,11,330,0.1505313820560402
4,28,9,330,0.12480265701313031
4,29,8,330,0.12357310978889591
4,30,12,330,0.18835665320093228
4,31,14,330,0.18862968689208454
4,32,10,330,0.1926520324591051
4,33,6,330,0.2603837485028775
4,34,5,330,0.1840225594391434
4,35,13,330,0.1812035558677716
5,1,9,330,0.15601464969140233
5,2,7,330,0.15668858643418718
5,3,7,330,0.13895521915955075
5,4,7,330,0.14964622884060377
5,5,7,330,0.1689389882123873
5,6,7,330,0.1513265651453505
6,1,8,330,0.13846003168654905
6,2,10,330,0.14767183967892203
6,3,11,330,0.17964401306712888
6,4,8,330,0.15931256386891524
6,5,13,330,0.13990639531779137
6,6,10,330,0.13465223303128346
6,7,8,330,0.20841707714847843
6,8,11,330,0.13694768397003843
6,9,9,330,0.1487053377715619
6,10,7,330,0.2056574971400638
6,11,10,330,0.1618962545682051
6,12,8,330,0.18266934674452348
6,13,16,330,0.13523502357444503
6,14,7,330,0.1872403402058305
6,15,8,330,0.14949592757660837
6,16,17,330,0.15392236874556467
6,17,22,330,0.15680893753119002
6,18,13,330,0.1466220004826611
6,19,11,330,0.13965197437937824
6,20,10,330,0.1362055601214755
6,21,6,330,0.16821903993986373
6,22,7,330,0.18521642159599128
6,23,11,330,0.149568759106827
6,24,12,330,0.1703047431841732
6,25,10,330,0.17012017489034872
6,26,16,330,0.15767047238734888
6,27,11,330,0.15565640938664285
7,1,16,330,0.14147788150533214
7,2,17,330,0.11730333493868768
7,3,15,330,0.13575776259104094
7,4,14,330,0.15841276968499537
7,5,13,330,0.1613339073906472
7,6,12,330,0.12977255832962795
7,7,15,330,0.11629610360450014
7,8,14,330,0.13187836552262522
7,9,15,330,0.11257889374567664
7,10,14,330,0.1027926598254044
7,11,15,330,0.10991830535618144
7,12,13,330,0.13500782570503767
7,13,16,330,0.12302485670149513
7,14,12,330,0.10948809245952472
7,15,15,330,0.11231207838223048
7,16,16,330,0.13570685309922084
7,17,14,330,0.11082661106086357
7,18,15,330,0.1111544693288223
7,19,15,330,0.09977073286662752
7,20,11,330,0.13769604868987748
7,21,12,330,0.11561026292734275
7,22,13,330,0.12332113122665506
7,23,13,330,0.10938916769905464
7,24,13,330,0.14261795288425366
7,25,11,330,0.21259665212463774
8,1,15,330,0.182033098090099
8,2,10,330,0.19517432268077375
8,3,8,330,0.14478350702012974
8,4,9,330,0.17665676077534107
8,5,8,330,0.19829929184808193
8,6,7,330,0.23520609598704437
8,7,7,330,0.1670488588280819
8,8,8,330,0.15427719454817299
8,9,6,330,0.16336167608825725
8,10,7,330,0.16229956958044087
8,11,8,330,0.17690762356431347
8,12,6,330,0.17568865866805108
8,13,7,330,0.16169760830867475
8,14,8,330,0.1720693218594311
8,15,7,330,0.13904953062051825
8,16,7,330,0.16139437404272286
8,17,6,330,0.17949185623824046
8,18,7,330,0.1545097443119634
8,19,8,330,0.14501183691385003
8,20,7,330,0.1944537949522252
8,21,8,330,0.17084918901726506
8,22,7,330,0.18974926870775533
8,23,8,330,0.17292352762264243
8,24,7,330,0.1685312712704876
8,25,7,330,0.13508793407519
9,1,8,330,0.1861355057428236
9,2,8,330,0.19035827292917953
9,3,5,330,0.19626484780047435
9,4,9,330,0.2045099644094743
9,5,9,330,0.2116647895227426
9,6,7,330,0.1799837428371396
9,7,6,330,0.15873437488840902
9,8,6,330,0.174123017594739
9,9,6,330,0.1653415052108097
9,10,6,330,0.151627649645088
9,11,7,330,0.14262073967916403
9,12,7,330,0.178039881982586
9,13,9,330,0.179596876657009
9,14,7,330,0.17455034725882462
9,15,7,330,0.16425841535018987
9,16,7,330,0.2050801273361007
9,17,7,330,0.20145685390100357
9,18,7,330,0.17814286859616063
9,19,7,330,0.1635674101377496
9,20,6,330,0.2070845723473041
9,21,6,330,0.16690281526521064
9,22,6,330,0.16419434303832373
9,23,6,330,0.18495845783432202
9,24,7,330,0.19146230131433353
9,25,7,330,0.12969843661880406
9,26,7,330,0.16196784356560642
9,27,6,330,0.22402824516032427
9,28,7,330,0.19812303852763763
9,29,8,330,0.2385555723123476
9,30,7,330,0.1658363628508383
10,1,9,330,0.19357732835090266
10,2,10,330,0.22031461595328652
10,3,10,330,0.15106802033951994
10,4,9,330,0.1572670681942722
10,5,6,330,0.23713881204130424
10,6,10,330,0.18379975522128839
10,7,8,330,0.18769791286727344
10,8,7,330,0.2542820840827734
10,9,9,330,0.16706941216568905
10,10,7,330,0.19878434641727277
10,11,11,330,0.14447137759955184
10,12,8,330,0.15210774413772854
10,13,6,330,0.20943322182786164
10,14,6,330,0.1951981874004024
10,15,7,330,0.19413438584554268
10,16,13,330,0.17701419291439355
10,17,13,330,0.20448419527628223
10,18,7,330,0.17616156771970448
10,19,7,330,0.19718901212080361
10,20,7,330,0.2074871878259345
10,21,8,330,0.1655017693535237
10,22,11,330,0.20629493994513784
10,23,12,330,0.189579088416649
10,24,8,330,0.1693766683431395
10,25,9,330,0.2150119968521921
11,1,7,330,0.16368753919372017
11,2,8,330,0.12371238903374676
11,3,7,330,0.21222041149268037
11,4,9,330,0.16659129299858322
11,5,7,330,0.15322972706332477
11,6,7,330,0.14363578614457836
11,7,7,330,0.16778045968527772
11,8,7,330,0.15598810425619408
11,9,7,330,0.21061312885410916
11,10,7,330,0.1633643182682074
11,11,7,330,0.17366346776542332
11,12,9,330,0.15722908105233666
11,13,7,330,0.14846091781611578
11,14,7,330,0.16556809917557969
11,15,7,330,0.1494912777058578
11,16,6,330,0.15041731102660713
11,17,7,330,0.14378868633142525
11,18,7,330,0.1515614963396411
11,19,7,330,0.24234129186834852
11,20,9,330,0.1684450326734076
11,21,5,330,0.1833058901742933
11,22,7,330,0.23002506305228376
11,23,7,330,0.15143097282040194
11,24,7,330,0.18120101881002615
11,25,6,330,0.16232536510356674
12,1,5,330,0.1365209987902904
12,2,5,330,0.15692464636183054
12,3,5,330,0.16046819970742304
12,4,5,330,0.17690222535186165
12,5,5,330,0.19383711006327287
12,6,5,330,0.1834523409366883
12,7,5,330,0.19326755651492683
12,8,5,330,0.17386944537223406
12,9,5,330,0.1414490132899092
12,10,6,330,0.13770243972252852
12,11,5,330,0.16570646647760184
12,12,5,330,0.1733137236731325
12,13,4,330,0.24088287484129073
12,14,5,330,0.14540388335439586
12,15,5,330,0.14742875405883038
12,16,4,330,0.18586134039872793
12,17,5,330,0.12069157236393284
12,18,5,330,0.169190365350048
12,19,5,330,0.14828809148935276
12,20,5,330,0.18817065541223138
12,21,5,330,0.17335830511791228
12,22,5,330,0.14451414728586642
12,23,5,330,0.16271857850849744
12,24,5,330,0.20321747331489018
12,25,5,330,0.13295053061041476
13,1,12,330,0.1734787018286428
13,2,9,330,0.14137018812181684
13,3,11,330,0.1360840541387215
13,4,11,330,0.15510778707203213
13,5,8,330,0.15736843766043795
13,6,10,330,0.11875927827245178
13,7,6,330,0.14405441595855978
13,8,9,330,0.2669950336036702
13,9,6,330,0.14882432919754093
13,10,7,330,0.23355424125941812
13,11,6,330,0.14045389461556346
13,12,6,330,0.132609822090828
13,13,8,330,0.2263658450817762
13,14,7,330,0.19018403780129944
13,15,6,330,0.16362822353539064
13,16,8,330,0.23195461594161723
13,17,8,330,0.1237294988888651
13,18,7,330,0.22902366741785654
13,19,7,330,0.15263201298239623
13,20,8,330,0.21367402990412634
13,21,12,330,0.12517184340589033
13,22,6,330,0.2391433990806911
13,23,14,330,0.21506788982635644
13,24,8,330,0.19608856466031688
13,25,8,330,0.16164828192074404
14,1,15,330,0.1465586556178871
14,2,4,330,0.1889170533754748
14,3,4,330,0.22132642853438333
14,4,3,330,0.2015511672967035
14,5,5,330,0.16923283647132045
14,6,5,330,0.21226271874529323
14,7,3,330,0.2372945224552609
14,8,4,330,0.1804762477702941
14,9,11,330,0.16248986037700702
14,10,5,330,0.16944622981963428
14,11,4,330,0.21638657506661363
14,12,3,330,0.20268703545666109
14,13,3,330,0.2251308275362909
14,14,3,330,0.20991125433595748
14,15,4,330,0.2574192360940068
14,16,3,330,0.187740529852188
14,17,3,330,0.2195401550539421
14,18,4,330,0.2150481615562327
14,19,4,330,0.1847091323320446
14,20,3,330,0.227890788402681
14,21,3,330,0.18360673885124476
14,22,3,330,0.1852446280027952
14,23,4,330,0.18598904041028957
14,24,4,330,0.20587245686330086
14,25,6,330,0.21077826586593795
15,1,7,330,0.16762157757182825
15,2,8,330,0.1294931452966727
15,3,9,330,0.17320621902486683
15,4,9,330,0.18167301459088678
15,5,10,330,0.16273636039509337
15,6,9,330,0.20176483658866978
15,7,6,330,0.1884472588991632
15,8,7,330,0.1943003194007296
15,9,8,330,0.1910955083402044
15,10,8,330,0.1847847779548596
15,11,8,330,0.18291095624881945
15,12,9,330,0.17363884478659336
15,13,8,330,0.16136771106312198
15,14,9,330,0.12678075103171307
15,15,10,330,0.1253312157931277
15,16,8,330,0.1723836461199067
15,17,7,330,0.1965267959800011
15,18,8,330,0.17010955208413855
15,19,6,330,0.17180450428350624
15,20,10,330,0.1702458821049116
15,21,8,330,0.16142654321816766
15,22,8,330,0.18356960538385023
15,23,6,330,0.22459121846669547
15,24,9,330,0.2012516937713296
15,25,8,330,0.20975167918429757
16,1,6,330,0.15022132500344143
16,2,6,330,0.15807217103360857
16,3,7,330,0.1374312569881421
16,4,7,330,0.19274225027238198
16,5,6,330,0.2258332895757562
16,6,6,330,0.2277014906185399
16,7,8,330,0.18919558955782148
16,8,6,330,0.15874695701409075
16,9,6,330,0.16045950892043578
16,10,7,330,0.18316470597496348
16,11,7,330,0.18628679466534262
16,12,8,330,0.15395173410511406
16,13,7,330,0.13966689594578865
16,14,7,330,0.21200457666370973
16,15,7,330,0.17310969872850882
16,16,5,330,0.22941292825084333
16,17,6,330,0.18045412813456954
16,18,7,330,0.19534996929108928
16,19,6,330,0.1548486826929312
16,20,6,330,0.1944021435978683
16,21,7,330,0.19167432599688555
16,22,6,330,0.17152039801348745
16,23,6,330,0.1269620672563318
16,24,8,330,0.13602400652578153
16,25,7,330,0.22323024060387336
17,1,15,330,0.11266362117203119
17,2,19,330,0.0900822649919816
17,3,15,330,0.12286349969106156
17,4,17,330,0.10774930290020249
17,5,17,330,0.13246121909723754
17,6,16,330,0.11549981560436817
17,7,17,330,0.10952401972725243
17,8,13,330,0.11711124762161097
17,9,16,330,0.19841974650489888
17,10,17,330,0.10365700726446105
17,11,14,330,0.18166272553254392
17,12,18,330,0.10922630838265938
17,13,12,330,0.10439872602186824
17,14,18,330,0.13668672762591044
17,15,20,330,0.10751271991047859
17,16,15,330,0.10393785448099004
17,17,13,330,0.14231101222182727
17,18,14,330,0.11825494510455614
17,19,16,330,0.12397941868289925
17,20,16,330,0.14440802737811625
17,21,13,330,0.11624389923393631
17,22,18,330,0.11560399983276472
17,23,21,330,0.09317173186795863
17,24,19,330,0.1464656055103564
17,25,17,330,0.12127073209861465
17,26,14,330,0.11635664128978447
17,27,15,330,0.12694830638895185
17,28,18,330,0.13799122143926648
17,29,14,330,0.11948787325624392
17,30,17,330,0.11191971655454044
18,1,10,330,0.177881567178199
18,2,7,330,0.25348208234963
18,3,8,330,0.2358870467032198
18,4,9,330,0.18555785219175122
18,5,5,330,0.22889986313380453
18,6,7,330,0.20611957952560264
18,7,12,330,0.18292638182201745
18,8,11,330,0.15665041261393337
18,9,8,330,0.24081917457810442
18,10,9,330,0.17983697088547856
18,11,7,330,0.18486478369897885
18,12,6,330,0.3172558895996273
18,13,8,330,0.2698798456253989
18,14,5,330,0.2852303238804739
18,15,8,330,0.21130987126524256
18,16,10,330,0.1830634997985701
18,17,6,330,0.2915504249917875
18,18,9,330,0.18189702126401885
18,19,7,330,0.23987061356434988
18,20,6,330,0.21676283066496657
18,21,10,330,0.1739063720097561
18,22,9,330,0.1986428210287169
18,23,9,330,0.17337105666790856
18,24,7,330,0.25306748000652374
18,25,6,330,0.24540372736447164
19,1,10,330,0.16823039350248573
19,2,12,330,0.13060345506547852
19,3,10,330,0.11777036156519852
19,4,8,330,0.1654129245899371
19,5,13,330,0.16560204975887236
19,6,10,330,0.11659508914053794
19,7,11,330,0.14179536744793425
19,8,13,330,0.17247724478073329
19,9,17,330,0.1607799874617682
19,10,13,330,0.18999680366475613
19,11,14,330,0.1351322779668273
19,12,10,330,0.14495953180484933
19,13,10,330,0.214746312631772
19,14,15,330,0.14588256448158873
19,15,18,330,0.15549195211606917
19,16,12,330,0.1285942901764741
19,17,16,330,0.17691273663601992
19,18,13,330,0.11883434870275367
19,19,12,330,0.16057628821230524
19,20,11,330,0.15317878706362373
19,21,13,330,0.15904984139180695
19,22,12,330,0.1668323237343869
19,23,14,330,0.16115282510058337
19,24,14,330,0.15337575492247887
19,25,12,330,0.15052180781530483
20,1,18,330,0.10096816532663985
20,2,7,330,0.17912506633638658
20,3,10,330,0.14930578971188782
20,4,10,330,0.1919725358535502
20,5,7,330,0.1854506641739449
20,6,9,330,0.16954836821648445
20,7,9,330,0.17471501050635846
20,8,7,330,0.18600606975626255
20,9,9,330,0.11644238734699135
20,10,7,330,0.1817427008895033
20,11,8,330,0.1801927942698128
21,1,6,330,0.2018499493644085
21,2,7,330,0.14290624551473063
21,3,6,330,0.17412727946342996
21,4,7,330,0.1885478293322381
21,5,7,330,0.18462026323595698
21,6,5,330,0.18357882487827454
21,7,6,330,0.19349415077346724
21,8,7,330,0.20309180512110644
21,9,6,330,0.18037902991186677
21,10,7,330,0.20138023100897848
21,11,6,330,0.16555374615821736
21,12,7,330,0.17814160538890036
21,13,6,330,0.2592645879855442
21,14,6,330,0.21025657663635253
21,15,6,330,0.23571273688254932
21,16,7,330,0.16552030619808347
21,17,6,330,0.16475317426441602
21,18,6,330,0.20162959879841116
21,19,6,330,0.19759969748814468
21,20,8,330,0.20597461526901362
21,21,7,330,0.18753815024149817
21,22,7,330,0.1917852809958488
21,23,5,330,0.18583388225189185
21,24,6,330,0.21156649530420704
21,25,6,330,0.20289462045403925
22,1,8,330,0.17887374944263945
22,2,8,330,0.1968151299027927
22,3,8,330,0.2108645911413993
22,4,8,330,0.16775699293434213
22,5,6,330,0.13527650903341926
22,6,7,330,0.2284966046646887
22,7,5,330,0.16482887651005196
22,8,8,330,0.2527168504286647
22,9,6,330,0.14879089496538803
22,10,6,330,0.1291452431337014
22,11,8,330,0.14439527493890889
22,12,7,330,0.14040925017836164
22,13,5,330,0.1927439748333872
22,14,8,330,0.16987779828133054
22,15,7,330,0.17362456121404218
22,16,7,330,0.13923600801381597
22,17,8,330,0.18197188607385875
22,18,6,330,0.18752272358361827
22,19,7,330,0.1402655651695673
22,20,8,330,0.16255305786646154
22,21,6,330,0.1569417901283008
22,22,11,330,0.14831103109880497
22,23,8,330,0.18941673613570464
22,24,9,330,0.17741995530223928
22,25,7,330,0.15017067363620426
23,1,4,330,0.31749820565854225
23,2,4,330,0.23351073988266494
23,3,4,330,0.19614714135907219
23,4,4,330,0.1965207734043179
23,5,4,330,0.27106433120589674
23,6,4,330,0.2511775507675733
23,7,4,330,0.25294096256076076
23,8,4,330,0.21515175343405796
23,9,4,330,0.17977957283827026
23,10,4,330,0.17523331035030779
23,11,4,330,0.19363688085248826
23,12,4,330,0.29319565538949444
23,13,4,330,0.17215010121446087
23,14,4,330,0.20147212244260776
23,15,4,330,0.20653254470440424
23,16,4,330,0.17943172123891837
23,17,4,330,0.18971202382696856
23,18,4,330,0.1802951884308589
23,19,4,330,0.241111252637009
23,20,5,330,0.2539626882186762
23,21,5,330,0.19425434358479668
23,22,4,330,0.21733740286287304
23,23,4,330,0.20506983639380644
23,24,4,330,0.21259779059243528
23,25,4,330,0.19872087651549197
24,1,9,330,0.17890238282574733
24,2,14,330,0.14618837387587136
24,3,11,330,0.14209956506253538
24,4,10,330,0.17047239971444142
24,5,11,330,0.14755487760707678
24,6,11,330,0.13611928328837292
24,7,12,330,0.1358757066590343
24,8,11,330,0.11359640019018415
24,9,11,330,0.14026578681771806
24,10,10,330,0.16500168163141724
24,11,9,330,0.14691960274192176
24,12,8,330,0.15367061611286909
24,13,10,330,0.16276417994214815
24,14,12,330,0.14687553075306364
24,15,11,330,0.13152831733421302
24,16,11,330,0.1375437316676363
24,17,10,330,0.13262314611032205
24,18,12,330,0.10695338994189418
24,19,11,330,0.14734381782110825
24,20,10,330,0.12473369180871309
24,21,11,330,0.16320353221028885
24,22,12,330,0.1333274073033087
24,23,10,330,0.14916801935311694
24,24,10,330,0.13705572027147273
24,25,11,330,0.12889854928634117
25,1,8,330,0.18836949849750184
25,2,7,330,0.17717214443411586
25,3,7,330,0.1823652603503754
25,4,7,330,0.1980847680316941
25,5,7,330,0.19311645798996166
25,6,7,330,0.2075512143137933
25,7,7,330,0.1847296614871013
25,8,8,330,0.1914057843903682
25,9,7,330,0.16968409713111332
25,10,7,330,0.19467440265920233
25,11,8,330,0.1913143283841434
25,12,7,330,0.19297600056817657
25,13,7,330,0.18886541036000143
25,14,7,330,0.2004266073426044
25,15,7,330,0.16925812230494386
25,16,7,330,0.19193152378763956
25,17,7,330,0.18321624880509552
25,18,7,330,0.17870254708897898
25,19,7,330,0.20125493656023055
25,20,7,330,0.18266638518185718
25,21,7,330,0.18280727601421337
25,22,7,330,0.19719851331607516
25,23,7,330,0.19951547306771053
25,24,7,330,0.1666379426860501
25,25,7,330,0.19523557155829946
26,1,11,330,0.17287975307917539
26,2,9,330,0.14156670490140527
26,3,9,330,0.147558934378743
26,4,11,330,0.1703680922301589
26,5,9,330,0.14416141240034322
26,6,8,330,0.28607397636317244
26,7,10,330,0.15754703308692533
26,8,9,330,0.15880619479444089
26,9,9,330,0.1546163168093305
26,10,8,330,0.21299850105902987
26,11,8,330,0.15589171102604718
26,12,9,330,0.17404139473696995
26,13,8,330,0.15728677194734753
26,14,8,330,0.16246527264875346
26,15,9,330,0.15035249974759768
26,16,7,330,0.1750655996105985
26,17,8,330,0.17705911185925913
26,18,10,330,0.1586735893247374
26,19,9,330,0.1614911236251697
26,20,10,330,0.15534157708820442
26,21,8,330,0.19196490016224915
26,22,9,330,0.2166926926416651
26,23,9,330,0.16890268872293984
26,24,9,330,0.17690771062162772
26,25,9,330,0.2323941991560371
27,1,16,330,0.14189483324642427
27,2,12,330,0.14558617320181114
27,3,13,330,0.1541887423628294
27,4,19,330,0.11274092071308976
27,5,17,330,0.14598348688191284
27,6,17,330,0.13856910565698577
27,7,23,330,0.11689567973882617
27,8,17,330,0.09876285134773735
27,9,18,330,0.1279705512261557
27,10,18,330,0.09670967299351213
27,11,8,330,0.16384469149443606
27,12,10,330,0.1726105516566587
27,13,18,330,0.1758474591198861
27,14,21,330,0.10151756266293549
27,15,16,330,0.10818083758604477
27,16,17,330,0.11114504685722185
27,17,14,330,0.17678981526201337
27,18,24,330,0.11471852409656165
27,19,17,330,0.18652885043724232
27,20,17,330,0.15443529305782
27,21,16,330,0.15203293714029187
27,22,17,330,0.12046460583813935
27,23,11,330,0.1497860905314762
27,24,16,330,0.11750283511182057
27,25,20,330,0.1344797872062802
28,1,7,330,0.1820706814036834
28,2,7,330,0.19164805835911675
28,3,9,330,0.14809718672648606
28,4,15,330,0.12084592544784198
28,5,8,330,0.2514142129689964
28,6,10,330,0.14836973279473298
28,7,7,330,0.2073547989707931
28,8,9,330,0.14260953314822364
28,9,12,330,0.14455207574104645
28,10,8,330,0.21052062831553667
28,11,10,330,0.11191229311709497
28,12,11,330,0.15642380068005665
28,13,9,330,0.19760084603865935
28,14,9,330,0.16978333352194008
28,15,9,330,0.15347512479924874
28,16,10,330,0.1734878706354526
28,17,7,330,0.2058608403091678
28,18,11,330,0.15079720651413928
28,19,9,330,0.21362074547593002
28,20,9,330,0.15248193999352877
28,21,5,330,0.1618828346844499
28,22,7,330,0.13932132796983168
28,23,8,330,0.22456010278455144
28,24,9,330,0.237825824922075
28,25,11,330,0.20204636245218704
29,1,6,330,0.15160196296149014
29,2,7,330,0.13834241254089705
29,3,6,330,0.14979960161520367
29,4,7,330,0.15071644727185685
29,5,7,330,0.15589592243416503
29,6,6,330,0.15527761925260278
29,7,6,330,0.17519783207197934
29,8,7,330,0.16429564760644583
29,9,7,330,0.13531789633145191
29,10,8,330,0.1408745615772581
29,11,7,330,0.17050240898081476
29,12,7,330,0.15175343295507784
29,13,7,330,0.14058545486858218
29,14,7,330,0.20241213853171441
29,15,7,330,0.11934726242740745
29,16,8,330,0.13743980849672677
29,17,6,330,0.13209683076610837
29,18,5,330,0.16076660291864764
29,19,5,330,0.16036024160412204
29,20,7,330,0.1480179745981373
29,21,6,330,0.15146372632309987
29,22,7,330,0.1582766881760404
29,23,7,330,0.13022490875712905
29,24,7,330,0.13791452998380754
29,25,7,330,0.14991894848447895
30,1,6,330,0.16657770309708522
30,2,6,330,0.19647398284637016
30,3,6,330,0.17200051938579264
30,4,5,330,0.14849364745570054
30,5,5,330,0.17381105731217558
30,6,5,330,0.141094307559813
30,7,5,330,0.13062244985851498
30,8,5,330,0.14959207649018166
30,9,6,330,0.11374523633693227
30,10,6,330,0.12652598223674036
30,11,6,330,0.1374521491667051
30,12,6,330,0.15691825141660126
30,13,6,330,0.1734328300903446
30,14,6,330,0.14123289848943751
30,15,6,330,0.16760953442775317
30,16,6,330,0.21071350490165205
30,17,5,330,0.1579253559807148
30,18,6,330,0.12342736250172437
30,19,5,330,0.12968212477373675
30,20,6,330,0.1650482957219863
30,21,6,330,0.13263594096123277
30,22,6,330,0.16032628622091338
30,23,6,330,0.1554584605491227
30,24,6,330,0.1189469732368435
30,25,6,330,0.14740068940858517
31,1,7,330,0.28090812807890314
31,2,6,330,0.23412472848380336
31,3,5,330,0.32581615312551404
31,4,6,330,0.2778459352295318
31,5,6,330,0.30431980558464294
31,6,6,330,0.3176444821406259
31,7,6,330,0.306454370971189
31,8,7,330,0.30271777979644626
31,9,8,330,0.25914042351483113
31,10,6,330,0.30472769549416623
31,11,6,330,0.2625306728514559
31,12,6,330,0.2446955077863552
31,13,3,330,0.3301236296338535
31,14,7,330,0.2871120243788223
31,15,8,330,0.2950757836958514
31,16,6,330,0.29745595164183103
31,17,4,330,0.3273442334531943
31,18,6,330,0.3053775647648718
31,19,6,330,0.3194101535731892
31,20,6,330,0.30471955411849955
31,21,7,330,0.26161399896439463
31,22,7,330,0.23678811146262804
31,23,7,330,0.2533492175161532
31,24,6,330,0.3063178835733017
31,25,6,330,0.3265704858222999
32,1,5,330,0.1900149629057035
32,2,4,330,0.193966167676592
32,3,6,330,0.20370827969404923
32,4,9,330,0.24537856063787788
32,5,9,330,0.19409470781823093
32,6,5,330,0.2075415197426722
32,7,9,330,0.18646278497930405
32,8,5,330,0.18036144189058131
32,9,5,330,0.1731843421684084
32,10,4,330,0.17967866084972547
32,11,5,330,0.18686354123872417
32,12,6,330,0.18161190458244048
32,13,7,330,0.175360345968812
32,14,6,330,0.2039165894527989
32,15,5,330,0.1759548737995824
32,16,6,330,0.2204144814084411
32,17,9,330,0.19280086392446275
32,18,12,330,0.16760298407222224
32,19,7,330,0.18996055379880222
32,20,8,330,0.22951672341659493
32,21,7,330,0.1981171378740877
32,22,8,330,0.16212730163501615
32,23,10,330,0.19647568412199046
32,24,10,330,0.20892749574945238
32,25,9,330,0.18213179528568535
33,1,7,330,0.13628450379907553
33,2,7,330,0.14895402900203789
33,3,7,330,0.14435630106037597
33,4,7,330,0.1401927301476242
33,5,7,330,0.1611995395670122
33,6,7,330,0.14451311536431805
33,7,7,330,0.17064361892347307
33,8,7,330,0.16248572726383548
33,9,7,330,0.1652204061016791
33,10,7,330,0.161512920935577
33,11,7,330,0.16914407578561538
33,12,7,330,0.16438689590167532
33,13,8,330,0.1556627671681731
33,14,7,330,0.16545187317884477
33,15,7,330,0.16715290982241693
33,16,7,330,0.1855609008583475
33,17,7,330,0.1683449766008147
33,18,7,330,0.1770912446297912
33,19,7,330,0.16401407877533858
33,20,7,330,0.16591740747591274
33,21,7,330,0.15961456787860182
33,22,7,330,0.20153629054073516
33,23,7,330,0.19228659450372426
33,24,7,330,0.1938551414837734
33,25,7,330,0.1781732135749786
34,1,10,330,0.14181751434074985
34,2,12,330,0.14146629834167032
34,3,11,330,0.1394222251149052
34,4,13,330,0.13913353330389477
34,5,9,330,0.15368058402578771
34,6,8,330,0.14051799451938735
34,7,11,330,0.1484769314367964
34,8,14,330,0.14763047935200546
34,9,11,330,0.16834594035713377
34,10,10,330,0.18307750723576108
34,11,6,330,0.21229998720181767
34,12,7,330,0.14040930130715512
34,13,7,330,0.1726636701912669
34,14,6,330,0.15786722253838203
34,15,7,330,0.18138568341590613
34,16,12,330,0.18732597875005128
34,17,11,330,0.1400057759513568
34,18,13,330,0.16069248694641605
34,19,9,330,0.16442977244831836
34,20,12,330,0.15103746339082685
34,21,12,330,0.1713402716180519
34,22,11,330,0.1962405629263152
34,23,11,330,0.16501334033979848
34,24,7,330,0.19516594324521025
34,25,13,330,0.13365623103537605
35,1,7,330,0.1674754903095788
35,2,9,330,0.14529294803270892
35,3,8,330,0.1458232740451157
35,4,11,330,0.144833303273899
35,5,5,330,0.16791949050857663
35,6,11,330,0.15262049811572445
35,7,8,330,0.1327145028501974
35,8,8,330,0.14998374159684796
35,9,8,330,0.14377900866435467
35,10,9,330,0.1682814491385928
35,11,8,330,0.1401976913915515
35,12,8,330,0.1383341212157296
35,13,8,330,0.14180493765755056
35,14,9,330,0.14862454731790184
35,15,8,330,0.12742321147900693
35,16,5,330,0.1668716630296197
35,17,9,330,0.14228541702397
35,18,9,330,0.14612204617165542
35,19,9,330,0.1565644772647545
35,20,9,330,0.12164213479024454
35,21,8,330,0.1288818830268662
35,22,4,330,0.21799237690583861
35,23,9,330,0.17693436765952136
35,24,4,330,0.21132921985315317
35,25,6,330,0.20747846525780292
36,1,4,330,0.1843400537728716
36,2,6,330,0.16317165870494185
36,3,3,330,0.20397250349168097
36,4,3,330,0.22261625898834844
36,5,3,330,0.22289704296784593
36,6,5,330,0.21509193906377597
36,7,3,330,0.19731745499524236
36,8,3,330,0.23186146402954877
36,9,3,330,0.20309745216048805
36,10,3,330,0.20768989222991868
36,11,3,330,0.18684503145711642
36,12,3,330,0.1922197785597455
36,13,3,330,0.21997379220310903
36,14,4,330,0.1803623285982758
36,15,4,330,0.204214129392941
36,16,3,330,0.2271629375874681
36,17,3,330,0.20054694172735738
36,18,3,330,0.18344010648696352
36,19,3,330,0.2075432965298075
36,20,3,330,0.19071512929623705
36,21,3,330,0.19262516498788523
36,22,3,330,0.18176893166912728
36,23,3,330,0.21193573484321043
36,24,3,330,0.2088427706408551
36,25,3,330,0.18962151547886044
37,1,6,330,0.2006443240296172
37,2,7,330,0.1599544562891599
37,3,6,330,0.20444659322120035
37,4,9,330,0.15069469229897894
37,5,6,330,0.17703311129883295
37,6,6,330,0.20044714189011575
37,7,7,330,0.14493856082284248
37,8,6,330,0.20096657179773839
37,9,7,330,0.18788536208612105
37,10,6,330,0.1714223229100745
37,11,8,330,0.1517050456645122
37,12,8,330,0.15482295581366645
37,13,7,330,0.17032936987262004
37,14,7,330,0.19000093559084041
37,15,9,330,0.17801146045260538
37,16,8,330,0.1707073801630661
37,17,7,330,0.14806405847231632
37,18,9,330,0.1807824969128281
37,19,8,330,0.1373605156861018
37,20,8,330,0.17434680694788365
37,21,10,330,0.17833401469480872
37,22,7,330,0.13816628143594228
37,23,9,330,0.17304744771460825
37,24,10,330,0.1559511808469133
37,25,7,330,0.16469724247074105
38,1,12,330,0.28157355236322484
38,2,12,330,0.28609440647382584
38,3,13,330,0.26528573407958284
38,4,13,330,0.20190912966964664
38,5,13,330,0.21643572432470348
38,6,11,330,0.24693635721276225
38,7,11,330,0.2687517291774942
38,8,11,330,0.3075928492667069
38,9,16,330,0.1775925602647042
38,10,12,330,0.2941499184759014
38,11,11,330,0.1694467731645529
38,12,11,330,0.2836201806747493
38,13,13,330,0.2006448565495895
38,14,14,330,0.25614228667369016
38,15,13,330,0.19818880824339638
38,16,11,330,0.2892800309069231
38,17,12,330,0.2358393657324052
38,18,13,330,0.2552471428195743
38,19,10,330,0.3088818208376508
38,20,12,330,0.2188246361569219
38,21,12,330,0.22641439191896384
38,22,12,330,0.1917355930063325
38,23,13,330,0.24973346607141111
38,24,13,330,0.2577738478174544
38,25,10,330,0.31165183096648813
38,26,12,330,0.2352741443276642
38,27,11,330,0.3025718980833665
38,28,10,330,0.2974162720907419
39,1,10,330,0.13697310416693007
39,2,10,330,0.14967186135968658
39,3,10,330,0.19798699358798444
39,4,9,330,0.11470981655536801
39,5,10,330,0.12782677440825316
39,6,12,330,0.1803681978015362
39,7,12,330,0.16607082378525304
39,8,10,330,0.16128576907674058
39,9,13,330,0.1517770767644334
39,10,10,330,0.13926453012261977
39,11,11,330,0.14519429645953202
39,12,11,330,0.1487711500632285
39,13,12,330,0.14776187017339099
39,14,11,330,0.11138107529357504
39,15,10,330,0.12657916512737918
39,16,11,330,0.1212320431939999
39,17,7,330,0.156986120683335
39,18,10,330,0.1576905825071527
39,19,12,330,0.12697907116940244
39,20,10,330,0.1322729982822008
39,21,8,330,0.15640352873389332
39,22,7,330,0.1571469602080001
39,23,10,330,0.20166894882107658
39,24,8,330,0.1245587424980489
39,25,13,330,0.15395311955684168
40,1,7,330,0.1668914823517056
40,2,7,330,0.1624909495294673
40,3,5,330,0.24950254628822693
40,4,7,330,0.17770386830980964
40,5,8,330,0.16842155899483102
40,6,6,330,0.1733744707944609
40,7,7,330,0.13090521450787782
40,8,7,330,0.11896595292485616
40,9,7,330,0.16827746363874505
40,10,7,330,0.18140722323393663
40,11,8,330,0.1995348594716925
40,12,7,330,0.1657983894455826
40,13,8,330,0.18659512577568124
40,14,7,330,0.20060277998161868
40,15,7,330,0.14455661690209268
40,16,8,330,0.12395389426772677
40,17,8,330,0.17577483636954946
40,18,8,330,0.20899080241468812
40,19,7,330,0.20064353438964588
40,20,8,330,0.17833329185243024
40,21,9,330,0.17654695543244656
40,22,8,330,0.17654972916080458
40,23,8,330,0.16379550890226777
40,24,8,330,0.21215229655142265
40,25,7,330,0.21717653408222767
40,26,7,330,0.18100895947351103
40,27,8,330,0.15461183862112018
41,1,7,330,0.18890420277651834
41,2,7,330,0.1615577375681657
41,3,6,330,0.18557470394266568
41,4,7,330,0.14733523336404256
41,5,7,330,0.18325369405937048
41,6,7,330,0.12280191324663495
41,7,6,330,0.15264935522741943
41,8,7,330,0.19304057754658763
41,9,7,330,0.20149696261491787
41,10,9,330,0.1799999662113835
41,11,6,330,0.15282741038201347
41,12,6,330,0.18693965945214902
41,13,7,330,0.1847573520173955
41,14,7,330,0.1799946678314121
41,15,9,330,0.12693074154845554
41,16,7,330,0.1409598027782196
41,17,6,330,0.18472353364539093
41,18,6,330,0.18054357652200828
41,19,8,330,0.14533540425664654
41,20,6,330,0.1984434690875232
41,21,7,330,0.17977622986327738
41,22,8,330,0.14907721798891282
41,23,7,330,0.15289920377058794
41,24,7,330,0.17474537086181574
41,25,7,330,0.17602175027754588
42,1,7,330,0.2975936353168669
42,2,7,330,0.13990857849934837
42,3,6,330,0.1712664676203805
42,4,8,330,0.17051673634268033
42,5,7,330,0.10657050810090184
42,6,8,330,0.16708095251035662
42,7,8,330,0.2029846777241076
42,8,14,330,0.17047921259983417
42,9,10,330,0.16847704789726284
42,10,12,330,0.14828796384880868
42,11,8,330,0.1925454512545728
42,12,6,330,0.1900893394743439
42,13,8,330,0.17122452335356214
42,14,10,330,0.16959567357264965
42,15,8,330,0.1679386809195604
42,16,13,330,0.13751959104336625
42,17,9,330,0.15172213218352704
42,18,10,330,0.16999538820937438
42,19,9,330,0.15479792492917577
42,20,13,330,0.14837615005347773
42,21,10,330,0.1368800955543191
42,22,11,330,0.1703263969056898
42,23,6,330,0.1709860641383401
42,24,11,330,0.1452100523658871
42,25,12,330,0.15120177975967783
43,1,4,330,0.24072448546962363
43,2,9,330,0.1743143941451932
43,3,4,330,0.22168536189896346
43,4,7,330,0.13886482301728564
43,5,5,330,0.20967042997770136
43,6,5,330,0.19281120248848
43,7,9,330,0.1322080936879695
43,8,7,330,0.14464005849664952
43,9,5,330,0.2396463580038927
43,10,7,330,0.16960501385346366
43,11,7,330,0.22943024526490555
43,12,5,330,0.16043770904579796
43,13,7,330,0.15311069743165837
43,14,9,330,0.14516005739059812
43,15,5,330,0.2111846382968156
43,16,6,330,0.15170878031736984
43,17,7,330,0.14831518034103966
43,18,3,330,0.23454518826685136
43,19,3,330,0.21352381977661655
43,20,8,330,0.14665323355981574
43,21,11,330,0.13433821470685284
43,22,9,330,0.11757565975134757
43,23,3,330,0.2248375859934815
43,24,15,330,0.1284426066487536
43,25,4,330,0.21598054235151776
44,1,9,330,0.1785998501428662
44,2,7,330,0.1618465801538963
44,3,7,330,0.11266810080072363
44,4,15,330,0.1326544220468685
44,5,12,330,0.2039097442531173
44,6,13,330,0.2882223705890022
44,7,12,330,0.13168905536681513
44,8,9,330,0.17292186332516946
44,9,10,330,0.2182101261014087
44,10,13,330,0.1528430135174977
44,11,15,330,0.12384997324679338
44,12,7,330,0.20943413370221417
44,13,21,330,0.1722119690798938
44,14,16,330,0.21543343880378762
44,15,15,330,0.19769130671773083
44,16,11,330,0.1441573261163124
44,17,10,330,0.11641161163393478
44,18,19,330,0.14693461330469718
44,19,7,330,0.13842290055727957
44,20,9,330,0.2007090693037399
44,21,12,330,0.1605826592133
44,22,27,330,0.2137362279708869
44,23,10,330,0.20153765647952754
44,24,14,330,0.21301067541871946
44,25,17,330,0.1751015049230202
45,1,8,330,0.16778102685571628
45,2,9,330,0.1622936546650009
45,3,9,330,0.1349744613324485
45,4,9,330,0.15134903995334753
45,5,9,330,0.1334095820261383
45,6,8,330,0.1731778725195973
45,7,9,330,0.14347857036235195
45,8,8,330,0.1522563637625855
45,9,8,330,0.14483039689067956
45,10,8,330,0.14148988969704596
45,11,7,330,0.15302211788749492
45,12,8,330,0.15360756909557172
45,13,8,330,0.17981734973713853
45,14,8,330,0.17640854553173055
45,15,7,330,0.17664145261956143
45,16,8,330,0.1625044119523639
45,17,7,330,0.16000582957771586
45,18,7,330,0.19311713765293823
45,19,7,330,0.1482290885506443
45,20,8,330,0.1450901083675451
45,21,7,330,0.18708244674771443
45,22,8,330,0.13798553717216414
45,23,8,330,0.1399500409223152
45,24,7,330,0.1948634760511995
45,25,8,330,0.1878959461335057
46,1,12,330,0.143411101731846
46,2,13,330,0.17402224104380254
46,3,11,330,0.1642386599507623
46,4,9,330,0.1277301106678493
46,5,12,330,0.17466413848394477
46,6,14,330,0.16789005575474739
46,7,14,330,0.1659444621467603
46,8,12,330,0.13020154936831044
46,9,7,330,0.1906720539386297
46,10,12,330,0.16285478994055397
46,11,10,330,0.12565635724183466
46,12,12,330,0.14279374905065728
46,13,12,330,0.1444566657175629
46,14,13,330,0.15578098813673688
46,15,8,330,0.1433822725015152
46,16,12,330,0.15241812452911246
46,17,11,330,0.16658811085349953
46,18,13,330,0.15044752043920195
46,19,11,330,0.17082440313117847
46,20,11,330,0.15755024454019514
46,21,9,330,0.12827680638925915
46,22,14,330,0.14362965896569266
46,23,13,330,0.1422354549533572
46,24,12,330,0.11967613370494015
46,25,11,330,0.13435191750951953
47,1,6,330,0.14555944849757657
47,2,10,330,0.14940608396511226
47,3,5,330,0.17005835880555265
47,4,6,330,0.1761673330251186
47,5,5,330,0.1409739286821154
47,6,6,330,0.13739231726796355
47,7,6,330,0.21485629551463126
47,8,8,330,0.16368017834132376
47,9,5,330,0.15494531811405535
47,10,5,330,0.17341862491266144
47,11,6,330,0.16493618099516544
47,12,7,330,0.14694633433324433
47,13,7,330,0.15511059802327867
47,14,19,330,0.1662231769177814
47,15,8,330,0.2402982745637617
47,16,21,330,0.13264539265068828
47,17,7,330,0.14358106812851387
47,18,5,330,0.17250086473118256
47,19,20,330,0.1882541174420847
47,20,20,330,0.14314441532797992
47,21,6,330,0.13651253837889493
47,22,7,330,0.1734711793729825
47,23,13,330,0.20283459950048416
47,24,8,330,0.17975018547658755
47,25,16,330,0.15858631916081553
48,1,7,330,0.2017959338049918
48,2,5,330,0.2231222343087187
48,3,12,330,0.14493122346382742
48,4,7,330,0.1576481942165671
48,5,8,330,0.1628357080721767
48,6,10,330,0.1177726468473329
48,7,9,330,0.16607239730781567
48,8,8,330,0.1657785934318046
48,9,8,330,0.24515939918113633
48,10,11,330,0.14519220104583902
48,11,5,330,0.2494906405458772
48,12,10,330,0.1606587258346154
48,13,9,330,0.23975154042953287
48,14,7,330,0.22695739319645095
48,15,7,330,0.20929985515963778
48,16,8,330,0.17799989541887828
48,17,11,330,0.16793634770799662
48,18,4,330,0.22516772336042318
48,19,6,330,0.1901400853557755
48,20,9,330,0.17235731199961188
48,21,8,330,0.26032029277258745
48,22,9,330,0.14390363352067279
48,23,11,330,0.18475217728147583
48,24,6,330,0.16922494421281592
48,25,9,330,0.144398379959355
49,1,6,330,0.17060789174199595
49,2,8,330,0.3251151042587974
49,3,7,330,0.32539528072690405
49,4,7,330,0.17664847491195915
49,5,6,330,0.23918343839735598
49,6,6,330,0.15915574028661167
49,7,8,330,0.3261565699851612
49,8,8,330,0.32796457634989157
49,9,9,330,0.3203849421183428
49,10,7,330,0.2403617678457018
49,11,8,330,0.29692260813758686
49,12,7,330,0.3039410219550956
49,13,7,330,0.22104768711956577
49,14,7,330,0.19973127516271547
49,15,6,330,0.22715330858159952
49,16,8,330,0.13815587050931982
49,17,8,330,0.2337380953076028
49,18,8,330,0.16245995573840613
49,19,7,330,0.15411146909988813
49,20,7,330,0.19982444523601603
49,21,5,330,0.21243729296290936
49,22,8,330,0.17852709559364588
49,23,8,330,0.1830928399877138
49,24,9,330,0.23326464729299085
49,25,6,330,0.21912547689943845
50,1,3,330,0.24455670211338948
50,2,6,330,0.1456535868292413
50,3,5,330,0.16768266705368431
50,4,6,330,0.15350688344740893
50,5,8,330,0.17644530567431785
50,6,7,330,0.17407064040981388
50,7,8,330,0.1719395590332877
50,8,7,330,0.1681250437249343
50,9,7,330,0.17156351473153475
50,10,5,330,0.23447979829602153
51,1,7,330,0.1381661909240021
51,2,8,330,0.19600133608515913
51,3,11,330,0.17014222919099492
51,4,13,330,0.1447090258085751
51,5,9,330,0.14610593112173464
51,6,13,330,0.1345665431411917
51,7,6,330,0.2174105695313451
51,8,7,330,0.22903697924907315
51,9,8,330,0.17657420433857926
51,10,10,330,0.14249315782263416
51,11,8,330,0.15551466809857947
51,12,6,330,0.17247539742009138
51,13,8,330,0.11632254488566567
51,14,9,330,0.17129796591128146
51,15,8,330,0.16900345794709187
51,16,17,330,0.12930312316055703
51,17,9,330,0.151550908459141
51,18,16,330,0.13876484324147317
51,19,13,330,0.13054554515256475
51,20,8,330,0.1480176596079231
51,21,7,330,0.2531715574528543
51,22,11,330,0.16377842189521397
51,23,32,330,0.16754387427502077
51,24,11,330,0.13677863137258028
51,25,11,330,0.1701287388563305
52,1,11,330,0.13150484023855494
52,2,9,330,0.16993102075719302
52,3,6,330,0.1630097883633693
52,4,9,330,0.14768463270722584
52,5,10,330,0.2138394504006429
52,6,9,330,0.2016275263887561
52,7,14,330,0.13002889680258073
52,8,8,330,0.13984577391947095
52,9,17,330,0.21380744731751872
52,10,11,330,0.13145804331886274
52,11,11,330,0.1384398559572034
52,12,11,330,0.13672329019263244
52,13,16,330,0.16781337105679955
52,14,12,330,0.1355975875864969
52,15,13,330,0.14154077349764987
52,16,13,330,0.12340689776349767
52,17,8,330,0.13908049642045422
52,18,8,330,0.14026616331761832
52,19,7,330,0.1519341918803765
52,20,6,330,0.13277329749324104
52,21,14,330,0.1529476371595089
52,22,9,330,0.16161549371293138
52,23,11,330,0.14433090281360383
52,24,10,330,0.13310234634397722
52,25,14,330,0.1309604430569164
53,1,6,330,0.21991656305091808
53,2,7,330,0.2286205873478093
53,3,8,330,0.22109215383768996
53,4,6,330,0.22773105719000783
53,5,7,330,0.21894572465080273
53,6,8,330,0.22485322139073627
53,7,7,330,0.22007757296176242
53,8,7,330,0.22179532284221845
53,9,7,330,0.22090224876560208
53,10,5,330,0.23140582609122337
53,11,6,330,0.22608318932220534
53,12,5,330,0.2293956724674195
53,13,6,330,0.22405581179529524
53,14,6,330,0.22409957120711682
53,15,6,330,0.21722752582895796
53,16,5,330,0.22230765308484204
53,17,7,330,0.2186018080339364
53,18,5,330,0.23251484746662976
53,19,7,330,0.21680423847453742
54,1,8,330,0.2394273349241494
54,2,8,330,0.14317951676050003
54,3,7,330,0.17762084070400735
54,4,9,330,0.16069569630766312
54,5,10,330,0.15057538266062015
54,6,7,330,0.17415051596546857
54,7,8,330,0.2240391486623638
54,8,10,330,0.17675100375421693
54,9,8,330,0.16506643146784078
54,10,11,330,0.15333351685963806
54,11,6,330,0.17294847152562176
54,12,8,330,0.14618211500022094
54,13,16,330,0.16212741829260424
54,14,7,330,0.15050714967589474
54,15,9,330,0.1435157920157145
54,16,7,330,0.16695796003489904
54,17,12,330,0.14427460387077187
54,18,8,330,0.15176996838162782
54,19,7,330,0.1738612113731615
54,20,9,330,0.13966318475237452
54,21,6,330,0.19265335165611164
54,22,10,330,0.18084959732139058
54,23,8,330,0.13038926538583887
54,24,9,330,0.16591622336070097
54,25,14,330,0.1613795642217286
55,1,10,330,0.16233223471252042
55,2,8,330,0.18965787011579416
55,3,8,330,0.17727266848756768
55,4,10,330,0.19538231860234215
55,5,8,330,0.19736552344525296
55,6,6,330,0.1879670152461392
55,7,8,330,0.1881970330185928
55,8,10,330,0.16465301390624054
55,9,9,330,0.16388859388138927
55,10,10,330,0.1813450637541373
55,11,8,330,0.17397766964594505
55,12,9,330,0.15779603546431203
55,13,10,330,0.15849847804146427
55,14,9,330,0.21478191136008612
55,15,9,330,0.16495041664916904
55,16,9,330,0.14177125365527887
55,17,9,330,0.1843854591542436
55,18,10,330,0.19507668074941203
55,19,10,330,0.20837730708409893
55,20,9,330,0.15222993059195883
55,21,7,330,0.1458761795334758
55,22,7,330,0.13916077179095415
55,23,7,330,0.17409127942571376
55,24,7,330,0.15639955350814017
55,25,8,330,0.21256669572143383
56,1,3,330,0.25488611427145014
56,2,5,330,0.19269672801809212
56,3,6,330,0.16523023224424455
56,4,5,330,0.18085063190368408
56,5,6,330,0.15492207892405604
56,6,8,330,0.21803415070829726
56,7,7,330,0.20651439861760748
56,8,6,330,0.1472224397218395
56,9,5,330,0.15823393232001903
56,10,6,330,0.15338331184923037
56,11,7,330,0.15801191414765683
56,12,6,330,0.18538283963998076
56,13,9,330,0.21435509513353118
56,14,4,330,0.19290779863602106
56,15,5,330,0.17023731974509096
56,16,3,330,0.18174551907971606
56,17,6,330,0.17224488425393739
56,18,8,330,0.14371574815717328
56,19,10,330,0.1587156953153435
56,20,8,330,0.12986451383070188
56,21,9,330,0.1857861758854112
56,22,7,330,0.16861835308167786
56,23,6,330,0.15803568130450676
56,24,6,330,0.19427323195522
56,25,8,330,0.16101012084313265
57,1,11,330,0.13873108754159427
57,2,12,330,0.16789195271883756
57,3,13,330,0.16038519186710112
57,4,11,330,0.13661779928046566
57,5,11,330,0.18000175446395414
57,6,10,330,0.1744531967855467
57,7,9,330,0.17202814425255888
57,8,11,330,0.1568452007974104
57,9,6,330,0.17366808499608272
57,10,13,330,0.14904124991843648
57,11,12,330,0.20420460034916776
57,12,12,330,0.1546884608136943
57,13,12,330,0.1179709358232494
57,14,12,330,0.14314864821197684
57,15,11,330,0.1418459031692611
57,16,12,330,0.12849585415179424
57,17,11,330,0.18198422981489276
57,18,15,330,0.1528507229940696
57,19,14,330,0.16113438681235542
57,20,7,330,0.19916447073108637
57,21,12,330,0.1885575694703535
57,22,12,330,0.2012073347775512
57,23,11,330,0.16301982969952655
57,24,11,330,0.2034625316386666
57,25,11,330,0.16220486641365223
58,1,4,330,0.32849522894915467
58,2,8,330,0.1978864354534742
58,3,5,330,0.1958265859793239
58,4,11,330,0.17649640896666577
58,5,4,330,0.2549428091025667
58,6,7,330,0.2306373864227636
58,7,4,330,0.19580326859069627
58,8,6,330,0.18167995471271975
58,9,5,330,0.20209281280661995
58,10,8,330,0.24661329402496893
58,11,5,330,0.2756408877763445
58,12,8,330,0.19877201591187182
58,13,7,330,0.20226486429975432
58,14,10,330,0.16746594769609194
58,15,5,330,0.21218868728448356
58,16,6,330,0.19830164132690306
58,17,8,330,0.19471474111687603
58,18,4,330,0.3233365643594524
58,19,8,330,0.18287504317141545
58,20,6,330,0.29616011945572585
59,1,9,330,0.12198126870751215
59,2,12,330,0.1382488148818121
59,3,9,330,0.16255447640486245
59,4,11,330,0.1585010199962774
59,5,14,330,0.12127100249980914
59,6,8,330,0.14636812015480657
59,7,16,330,0.11774958253405077
59,8,12,330,0.14483074372467453
59,9,7,330,0.18644179176466896
59,10,23,330,0.15871469077165873
59,11,18,330,0.16799913613232334
59,12,10,330,0.1914914726954439
59,13,7,330,0.20399874421784595
59,14,12,330,0.13002955439089
59,15,10,330,0.15362010867637382
59,16,9,330,0.2101360887245864
59,17,9,330,0.18576843279027433
59,18,13,330,0.19960934865368987
59,19,14,330,0.17859243402622169
59,20,10,330,0.19397385318740445
59,21,15,330,0.2160184087193235
59,22,13,330,0.17157945020907273
59,23,20,330,0.15164063876678788
59,24,12,330,0.1908528087052131
59,25,11,330,0.1486938245124513
60,1,7,330,0.31856058997271475
60,2,4,330,0.17328280438160798
60,3,3,330,0.21610182992575658
60,4,4,330,0.18873852169413607
60,5,5,330,0.19936542001887833
60,6,7,330,0.13225768811678237
60,7,3,330,0.18357239790666138
60,8,4,330,0.28065705755084325
60,9,9,330,0.18247320541177214
60,10,6,330,0.14363821734602608
60,11,8,330,0.1876465551642377
60,12,4,330,0.1854612671320993
60,13,5,330,0.1510939763247364
60,14,3,330,0.20282936423188652
60,15,7,330,0.26079847636830555
60,16,5,330,0.21171061973663136
60,17,7,330,0.14281967859198294
60,18,5,330,0.18718059174945503
60,19,5,330,0.16557264653539858
60,20,6,330,0.1655126602644757
60,21,3,330,0.1946483826098096
60,22,5,330,0.22942770390251827
60,23,5,330,0.194211650058565
60,24,6,330,0.19888764905366585
60,25,3,330,0.20206351269182432
61,1,4,330,0.2060361854533566
61,2,6,330,0.2007781252231538
61,3,6,330,0.1738429744802341
61,4,5,330,0.18236002273475374
61,5,5,330,0.20186125959220622
61,6,8,330,0.1629378115532463
61,7,9,330,0.17409081964014878
61,8,6,330,0.28811332222064745
61,9,8,330,0.31900838349864835
61,10,10,330,0.3027919469065268
61,11,11,330,0.1840128169229016
61,12,8,330,0.142904460981721
61,13,6,330,0.31013610138045783
61,14,9,330,0.151282445519163
61,15,16,330,0.2963109546582263
62,1,4,330,0.2012155496369122
62,2,13,330,0.17023681940185964
62,3,7,330,0.15587532638438362
62,4,13,330,0.1760733699559912
62,5,40,330,0.17944799009295762
62,6,9,330,0.13940417781311873
62,7,18,330,0.14752767452317755
62,8,19,330,0.17894457961835103
62,9,14,330,0.16540657542092038
62,10,10,330,0.18272526072628545
62,11,9,330,0.17845021049384344
62,12,19,330,0.16159046103715796
62,13,15,330,0.14578252993990534
62,14,11,330,0.2175472515599065
62,15,9,330,0.15900014560121153
62,16,18,330,0.21657739207338955
62,17,6,330,0.20145359467068452
62,18,9,330,0.22462752995497923
62,19,10,330,0.16667887145460475
62,20,9,330,0.20798401181384607
62,21,10,330,0.21832760426609502
62,22,7,330,0.20836322315841416
62,23,16,330,0.22754953025318833
62,24,10,330,0.17486389255481344
63,1,5,330,0.3217694901772131
63,2,7,330,0.1574824083450818
63,3,9,330,0.19247917959794808
63,4,7,330,0.28789433093150235
63,5,4,330,0.2112252034052145
63,6,10,330,0.19020214142868247
63,7,8,330,0.1746901836299949
63,8,4,330,0.1638511622441528
63,9,12,330,0.2021886346060215
63,10,9,330,0.20693581258221688
63,11,11,330,0.18150944021017215
63,12,8,330,0.1769307997623972
63,13,10,330,0.29136521639879576
63,14,6,330,0.16070647050840056
63,15,10,330,0.22391734874722594
63,16,8,330,0.17971991653878217
63,17,12,330,0.1878690472161289
63,18,7,330,0.18385477795767263
63,19,8,330,0.16076879676099604
63,20,8,330,0.19785142788372495
63,21,12,330,0.26913754475291746
63,22,10,330,0.20284747050690705
63,23,5,330,0.20811642677998837
63,24,14,330,0.22019649015910114
63,25,9,330,0.20046280190027482
64,1,12,330,0.1421105355568156
64,2,5,330,0.16108447514699373
64,3,9,330,0.13755120613943522
64,4,5,330,0.193885125669179
64,5,10,330,0.24858836831043032
64,6,2,330,0.3075095898188212
64,7,6,330,0.13218510826642216
64,8,10,330,0.15501837957300826
64,9,6,330,0.15095617316636645
64,10,3,330,0.24356275297583163
64,11,5,330,0.16685437729994937
64,12,10,330,0.1906561458726815
64,13,8,330,0.14083423994443378
64,14,3,330,0.22354361046830898
64,15,9,330,0.11864436927210213
64,16,8,330,0.1546502623506034
64,17,4,330,0.16581550849310642
64,18,7,330,0.2024351170143345
64,19,10,330,0.1412823257052178
64,20,10,330,0.22764769778036306
64,21,7,330,0.15016495101746327
64,22,18,330,0.12502817616344045
64,23,6,330,0.19184491797044945
64,24,14,330,0.11375662769065822
64,25,13,330,0.1472645725300284
65,1,7,330,0.1825888342704331
65,2,9,330,0.19377840422691447
65,3,6,330,0.1963479036476084
65,4,9,330,0.1684356906805641
65,5,7,330,0.18628735235560928
65,6,8,330,0.1985643752825553
65,7,7,330,0.17208562800228192
65,8,6,330,0.1705184754523266
65,9,8,330,0.1483439771334459
65,10,7,330,0.15243819127581776
65,11,8,330,0.16292420354183343
65,12,7,330,0.16888685402497627
65,13,6,330,0.18240435359928886
65,14,8,330,0.171073733435309
65,15,9,330,0.19030273472399128
65,16,7,330,0.18935579503155128
65,17,8,330,0.182797122552654
65,18,7,330,0.18993934223285552
65,19,7,330,0.22623253768585863
65,20,7,330,0.21957067788524787
65,21,7,330,0.1974885515694736
65,22,7,330,0.1824885084837762
65,23,9,330,0.15292597189441212
65,24,7,330,0.25656520240966246
65,25,7,330,0.1603439980763304
66,1,4,330,0.19081522000607756
66,2,4,330,0.22975272139130168
66,3,4,330,0.17178519772928183
66,4,4,330,0.19249390448217532
66,5,4,330,0.19399663732732927
66,6,4,330,0.1874494783856326
66,7,4,330,0.2095350723462177
66,8,4,330,0.2231598748310856
66,9,4,330,0.19954374845740355
66,10,4,330,0.21405570506320293
66,11,4,330,0.19067704940886
66,12,4,330,0.2016823178843327
66,13,4,330,0.19899130994019126
66,14,4,330,0.19741315853774805
66,15,4,330,0.21047209342425735
66,16,3,330,0.2335139719139583
66,17,4,330,0.1961159932169711
66,18,4,330,0.19169936926322703
66,19,4,330,0.20384623182553266
66,20,4,330,0.18490315881925873
66,21,4,330,0.19739017275465007
66,22,5,330,0.20449951247043155
66,23,4,330,0.18660311468339316
66,24,4,330,0.18344577637197637
66,25,4,330,0.1904407555481868
67,1,14,330,0.11091089133996958
67,2,17,330,0.13700569216254566
67,3,22,330,0.13774080805534522
67,4,16,330,0.12532842512046155
67,5,16,330,0.19591449570429462
67,6,16,330,0.1359271001328258
67,7,17,330,0.12638380878929475
67,8,18,330,0.15781502275524675
67,9,16,330,0.15480097741909102
67,10,15,330,0.1402409270282305
67,11,18,330,0.15510447540109015
67,12,14,330,0.17872759731213958
67,13,15,330,0.15534010674133916
67,14,20,330,0.14755773034807063
67,15,23,330,0.17266935957751003
67,16,21,330,0.11392633399225485
67,17,10,330,0.17757856178475687
67,18,15,330,0.18856620085815992
67,19,14,330,0.1485788056678025
67,20,18,330,0.18437036350605646
67,21,14,330,0.1644150076945409
67,22,17,330,0.13211127902842376
67,23,21,330,0.16323651801787692
67,24,15,330,0.11287975291013197
67,25,17,330,0.15351747578038744
68,1,12,330,0.17255561146888845
68,2,12,330,0.15529406731739429
68,3,9,330,0.144119799451603
68,4,13,330,0.15242040588081715
68,5,11,330,0.20284852655794286
68,6,13,330,0.22815621919283233
68,7,11,330,0.11681530201902854
68,8,11,330,0.19952042879403475
68,9,13,330,0.1995547581761605
68,10,13,330,0.15299199765091817
68,11,10,330,0.19159384403419813
68,12,10,330,0.1860974790229243
68,13,6,330,0.13927940473230688
68,14,13,330,0.17873724193839832
68,15,15,330,0.15788583716809698
68,16,12,330,0.1748037022939722
68,17,12,330,0.17701047220965374
68,18,7,330,0.20285911857941308
68,19,13,330,0.1619740037539279
68,20,10,330,0.15634580463994494
68,21,8,330,0.14565558505592457
68,22,12,330,0.1383509476323235
68,23,8,330,0.16784069362119017
68,24,9,330,0.1820667007239136
68,25,7,330,0.20661298230540756
69,1,8,330,0.1659251663015068
69,2,7,330,0.23986847303088224
69,3,9,330,0.1569635619738092
69,4,8,330,0.2295017835474183
69,5,8,330,0.18881606212075547
69,6,8,330,0.18430132972883753
69,7,8,330,0.13128363428811587
69,8,7,330,0.2095299321856966
69,9,10,330,0.20133408804659317
69,10,8,330,0.1637227065153494
69,11,9,330,0.1746003044441971
69,12,9,330,0.2134403953107829
69,13,8,330,0.21280934155234518
69,14,11,330,0.1684144679040897
69,15,10,330,0.1521468536200458
69,16,10,330,0.15526716876894453
69,17,11,330,0.22579307492946227
69,18,11,330,0.13293603637198845
69,19,12,330,0.13541614713786262
69,20,9,330,0.19456808359149846
69,21,10,330,0.1660532156297547
69,22,7,330,0.1621539782865767
69,23,6,330,0.19487341154276283
69,24,12,330,0.13471407665246302
69,25,10,330,0.2125898945249527
70,1,9,330,0.19255988486513145
70,2,7,330,0.24778541254120917
70,3,9,330,0.24241781714876556
70,4,12,330,0.18585114242140716
70,5,10,330,0.24088877912492748
70,6,8,330,0.2505961766329441
70,7,9,330,0.23025042194766862
70,8,8,330,0.2111327392589999
70,9,8,330,0.24803801346279508
70,10,7,330,0.21251359065371217
70,11,11,330,0.2169727383467114
70,12,14,330,0.2018662709214009
70,13,12,330,0.1964433234906368
70,14,8,330,0.23316009463152806
70,15,13,330,0.18610855174104943
70,16,8,330,0.23984748306535675
70,17,10,330,0.24344905077267717
70,18,18,330,0.20485245985037542
70,19,14,330,0.16753415166161198
70,20,6,330,0.2184363122482152
70,21,8,330,0.23092613506655946
70,22,17,330,0.13314436965584925
70,23,8,330,0.2535594990036431
70,24,7,330,0.24967831173305133
70,25,9,330,0.1835488410268755
71,1,8,330,0.21258836905867826
71,2,10,330,0.17339884583056178
71,3,10,330,0.17844809961585792
71,4,10,330,0.18958442005295567
71,5,8,330,0.22000244426776874
71,6,9,330,0.2373213476512661
71,7,10,330,0.1902667163852835
71,8,9,330,0.21172518413261307
71,9,8,330,0.20527388216979578
71,10,10,330,0.18139383100194206
71,11,9,330,0.1492941251879003
71,12,10,330,0.16286795612332908
71,13,10,330,0.23495929278824493
71,14,8,330,0.21065882696875093
71,15,9,330,0.16603216825134265
71,16,7,330,0.1547012729247833
71,17,8,330,0.13362670457368758
71,18,10,330,0.1908067861081203
71,19,7,330,0.19763529936570748
71,20,9,330,0.21490298660019502
71,21,7,330,0.2656839601022222
71,22,8,330,0.23483434980712223
71,23,10,330,0.19481570157938682
71,24,10,330,0.15453680478648663
71,25,10,330,0.20782462685036968
72,1,6,330,0.18607524786596644
72,2,8,330,0.1536968748762962
72,3,12,330,0.16937160553904698
72,4,11,330,0.14842867190462924
72,5,10,330,0.12879299601220834
72,6,13,330,0.15100038047358105
72,7,8,330,0.13835815630199638
72,8,10,330,0.16704209503339854
72,9,8,330,0.14966083810157402
72,10,12,330,0.14214953784364537
72,11,20,330,0.1240410510870412
72,12,10,330,0.13207719648197236
72,13,9,330,0.14279119135455945
72,14,13,330,0.14982646491493243
72,15,13,330,0.1437493600398638
72,16,6,330,0.18344161488058705
72,17,9,330,0.1501564105804899
72,18,12,330,0.13923624904490609
72,19,11,330,0.14998430076796082
72,20,10,330,0.16788288635305068
72,21,7,330,0.180817729753406
72,22,10,330,0.14559087082602942
72,23,9,330,0.14590765455147242
72,24,14,330,0.1752407864966305
72,25,12,330,0.15913670798878968
73,1,5,330,0.20514736413018264
73,2,4,330,0.18777808968829854
73,3,5,330,0.18955307588549125
73,4,8,330,0.1973107329802926
73,5,7,330,0.1922424860530671
73,6,4,330,0.22727752048056643
73,7,7,330,0.22958061660038467
73,8,5,330,0.21049902903852855
73,9,4,330,0.22533063956217253
73,10,4,330,0.18791779503506337
73,11,6,330,0.23033878769782168
73,12,7,330,0.23312161941868623
73,13,4,330,0.29244725518769843
73,14,4,330,0.1996450890728756
73,15,5,330,0.21664871297619148
73,16,4,330,0.2182127501005351
73,17,4,330,0.21119527642814745
73,18,5,330,0.26406078687491624
74,1,4,330,0.17864064187301268
74,2,4,330,0.18246847566431262
74,3,4,330,0.19511500344306978
74,4,4,330,0.17346002058610863
74,5,4,330,0.16454618355909623
74,6,4,330,0.18182764557286826
74,7,4,330,0.18787695364695287
74,8,4,330,0.17696262511829114
74,9,4,330,0.19434622120653283
74,10,4,330,0.18933660215289702
74,11,4,330,0.2081118536660971
74,12,4,330,0.1704949248758112
74,13,5,330,0.20566033665986425
74,14,4,330,0.1775711349304429
74,15,4,330,0.17059003228362687
74,16,4,330,0.16696206507682926
74,17,4,330,0.1583749986610879
74,18,4,330,0.18905047796260444
74,19,4,330,0.19001340831064564
74,20,4,330,0.18970129204740135
74,21,4,330,0.18666315278914744
74,22,4,330,0.1924468885386059
74,23,4,330,0.17217715008587925
74,24,4,330,0.18667022345903422
74,25,4,330,0.20561657580423134
75,1,8,330,0.16521339293541423
75,2,6,330,0.2291033695432331
75,3,8,330,0.20299769199701323
75,4,7,330,0.13960988149385933
75,5,7,330,0.2688866354736042
75,6,10,330,0.11722582352733839
75,7,8,330,0.17423544685046258
75,8,8,330,0.14952883265360786
75,9,7,330,0.16221611594091923
75,10,9,330,0.13844829996538352
75,11,10,330,0.15117004813894075
75,12,6,330,0.2381057307534028
75,13,9,330,0.12493444555136474
75,14,8,330,0.1648365766140855
75,15,7,330,0.16504014906178355
75,16,7,330,0.20650084928353718
75,17,7,330,0.15380037837227808
75,18,8,330,0.1259501609582203
75,19,8,330,0.16599547341870724
75,20,10,330,0.12785772327925643
75,21,7,330,0.15673133765280997
75,22,8,330,0.17189288494537425
75,23,8,330,0.16166191765205346
75,24,9,330,0.15031445080409064
75,25,7,330,0.13053486626175032
76,1,7,330,0.18512359702501713
76,2,7,330,0.1752056675592467
76,3,9,330,0.19936838873437412
76,4,8,330,0.18528138666964966
76,5,7,330,0.1704761226221794
76,6,8,330,0.15318180536511605
76,7,6,330,0.15493271994172303
76,8,4,330,0.2649107288891558
76,9,8,330,0.17781647941845047
76,10,7,330,0.156611417986083
76,11,6,330,0.15955683441048393
76,12,7,330,0.16811728504770315
76,13,8,330,0.15181038534499192
76,14,5,330,0.1654478896951972
76,15,12,330,0.20858661971592757
76,16,8,330,0.15489942391881859
76,17,10,330,0.11222757369388474
76,18,11,330,0.15637470780781984
76,19,6,330,0.20111045289959367
76,20,4,330,0.1799865896405857
76,21,8,330,0.13123918060981607
76,22,9,330,0.2297165407873233
76,23,8,330,0.13673227522769726
76,24,8,330,0.15500681589038176
76,25,9,330,0.20619771306635287
77,1,3,330,0.2611640500977215
77,2,3,330,0.20789422243248257
77,3,3,330,0.2239136499340996
77,4,4,330,0.2193213459545363
77,5,3,330,0.20623030412954085
77,6,3,330,0.2153179681885761
77,7,3,330,0.21702324111733523
77,8,3,330,0.21931548405851312
77,9,3,330,0.23509156427199573
77,10,5,330,0.22542943699581255
77,11,3,330,0.27137190392831306
77,12,5,330,0.21706584584518113
77,13,4,330,0.21644996742023562
77,14,5,330,0.2191984026551832
77,15,4,330,0.22794732572212892
77,16,5,330,0.22943823346333184
77,17,4,330,0.25755884999934353
77,18,4,330,0.23022441512539935
77,19,3,330,0.22582251069709128
77,20,4,330,0.21706578166502938
77,21,4,330,0.2305205559802256
77,22,3,330,0.20778837854219065
77,23,3,330,0.22944408448073028
77,24,3,330,0.21877120555538462
77,25,3,330,0.25358524220665374
77,26,4,330,0.22409883818710216
77,27,3,330,0.22027542629094995
77,28,4,330,0.22432009246729745
77,29,5,330,0.23228891178550778
78,1,10,330,0.1649100506057627
78,2,10,330,0.13849084417748525
78,3,11,330,0.14125349148859126
78,4,8,330,0.12617928114309662
78,5,13,330,0.14726323240115458
78,6,8,330,0.17424366550578638
79,1,7,330,0.15690170243615584
79,2,7,330,0.16481189520226783
79,3,6,330,0.15308250855076316
79,4,6,330,0.1794179236214974
79,5,8,330,0.17580741647323678
79,6,7,330,0.15004091518332888
79,7,6,330,0.1466871864256899
79,8,7,330,0.16122211537648656
79,9,8,330,0.13977220861168077
79,10,7,330,0.19561143991157015
79,11,7,330,0.1450067487771757
79,12,7,330,0.1303646988978427
79,13,6,330,0.15412973889915974
79,14,7,330,0.1621846858576219
79,15,8,330,0.2144005136853939
79,16,6,330,0.1761485516233677
79,17,7,330,0.1676330175569885
79,18,6,330,0.13462049953278296
79,19,6,330,0.13323779588668094
79,20,7,330,0.1383508212025425
79,21,8,330,0.14677864085925557
79,22,6,330,0.1881145934578349
79,23,9,330,0.1503976369111796
79,24,6,330,0.14483205761969387
79,25,6,330,0.1754911541009948
80,1,10,330,0.17014886112129327
80,2,10,330,0.18552449296343979
80,3,9,330,0.18546358732833765
80,4,9,330,0.19563053644260703
80,5,10,330,0.2229615947488137
80,6,10,330,0.18465712085530914
80,7,9,330,0.18046975394892695
80,8,12,330,0.17510264259541114
80,9,12,330,0.17990543162162698
80,10,10,330,0.20036566908416506
80,11,10,330,0.19144500619493135
80,12,11,330,0.19349402175651262
80,13,12,330,0.19091988433976695
80,14,11,330,0.16612232882804312
80,15,16,330,0.21453762043280922
80,16,10,330,0.20983286452233949
80,17,9,330,0.20837697443936729
80,18,7,330,0.18679522336798085
80,19,9,330,0.18205815034032657
80,20,11,330,0.2004122756615891
80,21,7,330,0.20501628230856478
80,22,10,330,0.1865023741021531
80,23,8,330,0.2003725152446034
80,24,9,330,0.20345355704722898
80,25,11,330,0.16633194822808536
81,1,6,330,0.16156369446335617
81,2,7,330,0.16300478636571708
81,3,7,330,0.19938323298956928
81,4,8,330,0.17644490806012553
81,5,7,330,0.1718403211362646
81,6,6,330,0.1917140759236602
81,7,8,330,0.1391698607251095
81,8,8,330,0.14253713726052747
81,9,9,330,0.16728558349474373
81,10,7,330,0.17964410237132236
81,11,7,330,0.169011912473805
81,12,7,330,0.18694414039683116
81,13,7,330,0.17859166211120384
81,14,8,330,0.14014251651519655
81,15,7,330,0.16489067889747983
81,16,9,330,0.13619528125322278
81,17,6,330,0.15705079091030702
81,18,6,330,0.17049679304289253
81,19,7,330,0.1572960650909008
81,20,7,330,0.16673077337509443
81,21,7,330,0.16535031824140303
81,22,7,330,0.16682746545431387
81,23,9,330,0.19044985303317377
81,24,7,330,0.16924241445431262
82,1,6,330,0.25513326453646984
82,2,8,330,0.19056310726697662
82,3,6,330,0.1929392852875014
82,4,5,330,0.2320452783633527
82,5,8,330,0.14343041521835798
82,6,5,330,0.2321353840012977
82,7,5,330,0.2436192935654505
82,8,8,330,0.19450145628964924
82,9,6,330,0.20572609356575625
82,10,6,330,0.17560271789488485
82,11,7,330,0.21476122018253277
82,12,6,330,0.2511942005557479
82,13,6,330,0.16776353098709013
82,14,5,330,0.17724238861842764
82,15,9,330,0.16984044682289393
82,16,5,330,0.17559645134044052
82,17,7,330,0.1795128315212005
82,18,7,330,0.1840259984537857
82,19,5,330,0.17246160976109967
82,20,6,330,0.16325834218128565
83,1,12,330,0.1287629684056005
83,2,10,330,0.1430411760398389
83,3,7,330,0.18429634418342444
83,4,7,330,0.1547559096081542
83,5,8,330,0.2074280579212737
83,6,11,330,0.17690447866983405
83,7,5,330,0.16548264986992323
83,8,6,330,0.31175489255669936
83,9,7,330,0.18613123425029598
83,10,6,330,0.17052692062917268
83,11,7,330,0.2024892565270668
83,12,9,330,0.18878070840948055
83,13,10,330,0.15398170816687698
83,14,7,330,0.17390914076019875
84,1,15,330,0.1519730465882971
84,2,9,330,0.16112557295677804
84,3,10,330,0.14724154243085766
84,4,17,330,0.12943607862156767
84,5,20,330,0.14221613678787698
84,6,16,330,0.18951669032359397
84,7,10,330,0.15587911257930884
84,8,12,330,0.14252669783660604
84,9,16,330,0.14312841058769016
84,10,14,330,0.19189384705660065
84,11,15,330,0.10602892307761765
84,12,14,330,0.13172868283573433
84,13,8,330,0.15951916776456312
84,14,15,330,0.15244887489190037
84,15,9,330,0.1268383136812611
84,16,17,330,0.1508315921736556
84,17,16,330,0.155977946457685
84,18,12,330,0.12927918853206155
84,19,12,330,0.15583049379723463
84,20,12,330,0.12981161488070483
84,21,12,330,0.17956980190504013
84,22,14,330,0.15920512299888204
84,23,19,330,0.13243304113026674
84,24,15,330,0.14893473512329297
84,25,14,330,0.14419633849609864
85,1,7,330,0.22194100163336353
85,2,6,330,0.18345774338367107
85,3,8,330,0.19470202293975652
85,4,7,330,0.17888154896724723
85,5,7,330,0.18894298088759987
85,6,8,330,0.19422819839937802
85,7,5,330,0.1849103732781228
85,8,6,330,0.21516665108878283
85,9,7,330,0.17025301818167943
85,10,7,330,0.20947647052124194
85,11,6,330,0.21305034879366688
85,12,7,330,0.222559579514417
85,13,7,330,0.18232047128549883
85,14,6,330,0.1593322168271806
85,15,7,330,0.17785575948523968
85,16,6,330,0.15783363816368187
85,17,7,330,0.19636558668060705
85,18,7,330,0.184212804702293
85,19,9,330,0.21845566240493342
85,20,6,330,0.19012664609471847
85,21,5,330,0.18301504047766862
85,22,7,330,0.16484406587338632
85,23,7,330,0.17755924108825435
85,24,7,330,0.1566484347351975
85,25,7,330,0.21082878354660692
86,1,15,330,0.17474427229148137
86,2,12,330,0.15196164783202837
86,3,18,330,0.16511583085523485
86,4,15,330,0.16194793103714594
86,5,16,330,0.18007776626750963
86,6,16,330,0.17736574149396253
86,7,9,330,0.1992842569849159
86,8,16,330,0.1750287629020386
86,9,16,330,0.16809397862163972
86,10,9,330,0.178232444079524
86,11,15,330,0.18001390491962552
86,12,10,330,0.1839445071874329
86,13,13,330,0.14793528621079302
86,14,15,330,0.13968983614025335
86,15,13,330,0.1414909079868963
86,16,15,330,0.187427405985831
86,17,9,330,0.17785132815816004
86,18,15,330,0.1778693376958175
86,19,9,330,0.17902922910016136
86,20,16,330,0.18598552315797834
86,21,9,330,0.17735830261657665
86,22,15,330,0.1855790102504043
86,23,14,330,0.14020124341716275
86,24,9,330,0.17059602840111593
86,25,15,330,0.1742435056124448
87,1,8,330,0.13416674495853512
87,2,9,330,0.24855996938183536
87,3,9,330,0.24410368915110614
87,4,8,330,0.17654602946268438
87,5,6,330,0.1677020037657447
87,6,6,330,0.14151196699751004
87,7,6,330,0.14019672406853464
87,8,6,330,0.15587044523317703
87,9,6,330,0.1792687099720485
87,10,5,330,0.1414187928700746
87,11,7,330,0.17810801281906224
87,12,8,330,0.17785442749382824
87,13,6,330,0.16011634135384134
87,14,6,330,0.16129743108679204
87,15,5,330,0.1472377971840504
87,16,6,330,0.1533400159165147
87,17,8,330,0.17454936324841266
87,18,7,330,0.18741052885895398
87,19,6,330,0.19275562996403778
87,20,9,330,0.15138590101821175
87,21,7,330,0.1922480604499842
87,22,6,330,0.16683349787172064
87,23,6,330,0.13925524731640632
87,24,7,330,0.1768278666720794
87,25,8,330,0.18898627117888697
88,1,15,330,0.1730182395669996
88,2,12,330,0.17844355651121466
88,3,8,330,0.18599555823993463
88,4,9,330,0.1674282178337543
88,5,9,330,0.15820793047769008
88,6,9,330,0.22639574822646374
88,7,7,330,0.19528921193781637
88,8,9,330,0.2073870949110585
88,9,10,330,0.214565733814399
88,10,11,330,0.17043375305174505
88,11,9,330,0.20102472809228913
88,12,8,330,0.2218166813669426
88,13,10,330,0.20110160121205697
88,14,10,330,0.22229658868618649
88,15,12,330,0.19523559346486336
88,16,11,330,0.19423024532881203
88,17,11,330,0.18876669271022023
88,18,11,330,0.17010142557774574
88,19,11,330,0.1660198819222705
88,20,11,330,0.1727808444595561
88,21,12,330,0.24197523651937258
88,22,19,330,0.17329489087307096
88,23,11,330,0.19366702471655078
88,24,13,330,0.16245121326261047
89,1,10,330,0.17953295828087418
89,2,9,330,0.12437440222069833
89,3,5,330,0.1395104696752342
89,4,8,330,0.13820461549920243
89,5,10,330,0.2563047579710896
89,6,5,330,0.17048027867058876
89,7,6,330,0.17907124744367262
89,8,8,330,0.15874842925695232
89,9,6,330,0.1622172530713571
89,10,10,330,0.13940733530228028
89,11,6,330,0.14962912664954456
89,12,7,330,0.14471463115864422
89,13,7,330,0.13862985675730646
89,14,8,330,0.16893949348896473
89,15,6,330,0.15574931982150453
89,16,9,330,0.1861022073654474
89,17,8,330,0.15114232071235378
89,18,10,330,0.15960428093767437
89,19,10,330,0.16283465194708308
89,20,8,330,0.14248698648459113
89,21,8,330,0.14862472241019692
89,22,8,330,0.14689736668473916
89,23,7,330,0.15047710623475433
89,24,7,330,0.14764118758159406
89,25,5,330,0.14338018277721415
89,26,8,330,0.15243776460272287
90,1,6,330,0.19213244065166474
90,2,7,330,0.15938423968533214
90,3,8,330,0.16013413018189102
90,4,8,330,0.13241651311207672
90,5,7,330,0.12458777985828422
90,6,7,330,0.16534801986840206
90,7,5,330,0.19573663003582845
90,8,7,330,0.18219915487325875
90,9,5,330,0.15276098081569883
90,10,7,330,0.15234555476415884
90,11,7,330,0.13658884208179198
90,12,7,330,0.15994160155067347
90,13,7,330,0.13166883967087883
90,14,7,330,0.1982336400060705
90,15,7,330,0.18582284908265173
90,16,7,330,0.15425728237442146
90,17,8,330,0.175372021256197
90,18,7,330,0.19442695276332167
90,19,7,330,0.1395770805564634
90,20,8,330,0.15383970809464043
90,21,7,330,0.16170202926088337
90,22,7,330,0.1687047195939984
90,23,7,330,0.14399547484404152
90,24,8,330,0.13667517539568527
90,25,8,330,0.1418220102177525
91,1,20,330,0.15583071160871842
91,2,11,330,0.2013789670164643
91,3,14,330,0.13289364755994595
91,4,15,330,0.18883119430239378
91,5,12,330,0.16853661319409335
91,6,12,330,0.17486752811402898
91,7,14,330,0.14308973243795597
91,8,12,330,0.15147753280581333
92,1,6,330,0.17500869215826348
92,2,7,330,0.16848533290203976
92,3,11,330,0.1615187534061307
92,4,16,330,0.18988000231432473
92,5,10,330,0.1683801128719657
92,6,7,330,0.18979346218800242
92,7,14,330,0.1813507433113136
92,8,14,330,0.1732394722732882
92,9,8,330,0.19279793479910487
93,1,8,330,0.16225945874168526
93,2,10,330,0.20741876224546965
93,3,8,330,0.16990536158687095
93,4,8,330,0.17378765861503184
93,5,9,330,0.16185173113205917
93,6,7,330,0.20317304839498124
94,1,6,330,0.17791807228596057
94,2,7,330,0.11114934300647596
94,3,6,330,0.17646095376455342
94,4,6,330,0.15286167802256787
94,5,5,330,0.1348661355155737
94,6,7,330,0.1441625194080114
94,7,7,330,0.12471081521567699
94,8,7,330,0.15099524635171335
94,9,6,330,0.15554149707432102
94,10,9,330,0.14015836216561744
94,11,7,330,0.13018371450046248
94,12,7,330,0.12658706220489488
94,13,7,330,0.11425424600700743
94,14,6,330,0.15001197170222366
94,15,6,330,0.1486724463657472
94,16,6,330,0.15636505717256177
94,17,6,330,0.16923831457678268
94,18,6,330,0.14677809189415772
94,19,6,330,0.16132969051576912
94,20,7,330,0.1673464935931728
94,21,5,330,0.17642634920245864
94,22,6,330,0.14154635931059578
94,23,7,330,0.1419481168661529
94,24,8,330,0.1474997287140747
94,25,6,330,0.2013872947834431
95,1,9,330,0.17872355294707903
95,2,11,330,0.16986919080763505
95,3,7,330,0.16424802187615195
95,4,9,330,0.1338344719780074
95,5,8,330,0.1419993186831726
95,6,8,330,0.17448736661084993
95,7,7,330,0.1429517458795661
95,8,10,330,0.16976962233652804
95,9,9,330,0.1366255934616447
95,10,8,330,0.18114834468962432
95,11,7,330,0.19117753568962034
95,12,10,330,0.12468676482260425
95,13,11,330,0.14930715181912116
95,14,9,330,0.1239083688889113
95,15,9,330,0.1366748533591672
95,16,8,330,0.14392142501835584
95,17,13,330,0.18312773402429497
95,18,8,330,0.12015849760151916
95,19,7,330,0.17924737601076496
95,20,10,330,0.13565586541207478
95,21,8,330,0.17433187425994032
95,22,8,330,0.13630356493329807
95,23,12,330,0.13152237562464122
95,24,11,330,0.12141622464732608
95,25,11,330,0.16515645752520572
95,26,15,330,0.15422955846394903
96,1,7,330,0.2264743114336894
96,2,5,330,0.19744397556027532
96,3,8,330,0.17580840537134432
96,4,6,330,0.15363113846026788
96,5,6,330,0.1919746868447873
96,6,6,330,0.19701509251592783
96,7,6,330,0.15211527639983652
96,8,6,330,0.1788297918400906
96,9,6,330,0.16945529850763463
96,10,6,330,0.14483521656886394
96,11,6,330,0.17809843847180923
96,12,7,330,0.21956478840321342
96,13,6,330,0.12936582737572883
96,14,6,330,0.1829574531356981
96,15,6,330,0.17541873697708138
96,16,6,330,0.18662258346013624
96,17,6,330,0.17746986645564877
96,18,6,330,0.2335920084715922
96,19,6,330,0.19777313890049303
96,20,6,330,0.19494123493454238
96,21,6,330,0.15574199367572883
96,22,6,330,0.19662437651250148
96,23,6,330,0.16064044470356859
96,24,5,330,0.16811193884392062
96,25,6,330,0.203797473198417
97,1,5,330,0.2416382726426044
97,2,5,330,0.26318747942905807
97,3,7,330,0.15988862016868807
97,4,6,330,0.2679575800604077
97,5,7,330,0.2161553062863404
97,6,6,330,0.23347167726300871
97,7,5,330,0.18368030142402195
97,8,9,330,0.16662867548698224
97,9,6,330,0.19264613747582898
97,10,4,330,0.26322355978732626
97,11,6,330,0.280903034720296
97,12,4,330,0.18747153010400405
97,13,7,330,0.2447990480366474
97,14,7,330,0.24068549504895248
97,15,4,330,0.17244882623956803
97,16,4,330,0.3311632347130949
97,17,5,330,0.24269809672244985
97,18,6,330,0.1845426679047147
97,19,7,330,0.2377266345879881
97,20,6,330,0.20298888462148998
97,21,7,330,0.20271716220353453
97,22,7,330,0.3296629729087072
97,23,5,330,0.21499008578642018
97,24,8,330,0.14478337218752033
97,25,10,330,0.18737811237548355
98,1,9,330,0.19243399678194362
98,2,10,330,0.1553681867423437
98,3,10,330,0.14577629863825073
98,4,10,330,0.1941404445041442
98,5,8,330,0.1838267167986069
98,6,10,330,0.15591291887261347
98,7,8,330,0.15153641385854358
98,8,11,330,0.1365470311638245
98,9,9,330,0.15854872119239186
98,10,13,330,0.17199267287341194
98,11,6,330,0.22236719145105954
98,12,7,330,0.19135102295498935
98,13,8,330,0.18361960530602575
98,14,8,330,0.1578134820676833
98,15,8,330,0.15970703472361666
98,16,8,330,0.1574369269293263
98,17,8,330,0.1349409428843941
98,18,10,330,0.17263422001055342
98,19,9,330,0.22568269667418148
98,20,9,330,0.18727146751173396
98,21,9,330,0.15039998472997293
98,22,8,330,0.14978130490446265
98,23,9,330,0.1506778612553191
98,24,8,330,0.19216646099368123
98,25,9,330,0.1353314654142248
99,1,6,330,0.2479242523997145
99,2,6,330,0.16357305085103568
99,3,7,330,0.20849655589732602
99,4,6,330,0.18582262188500442
99,5,7,330,0.17332341186833292
99,6,6,330,0.17394252838908364
99,7,8,330,0.1718212503003872
99,8,5,330,0.19483076472789188
99,9,6,330,0.1738212151226074
99,10,7,330,0.16659466144377008
99,11,6,330,0.21548288828762702
99,12,7,330,0.2388523880693838
99,13,5,330,0.2360554121706046
99,14,6,330,0.16413582211436004
99,15,6,330,0.1911509200858119
99,16,4,330,0.19810027349581447
99,17,7,330,0.21037778685243472
99,18,5,330,0.19624095234410538
99,19,8,330,0.21389447236050557
99,20,5,330,0.16659528107794902
99,21,6,330,0.1932630740342309
99,22,6,330,0.23293046875691448
99,23,5,330,0.20961964580866724
99,24,6,330,0.16373463665920407
99,25,5,330,0.20170506943308106
100,1,6,330,0.14929181442835096
100,2,6,330,0.1918735162127323
100,3,6,330,0.13985635642132066
100,4,4,330,0.18688592340442928
100,5,6,330,0.177621919376241
100,6,6,330,0.13897321107523716
100,7,6,330,0.1830066863471453
100,8,6,330,0.15473993143965498
100,9,6,330,0.20809749262445285
100,10,3,330,0.19577372788121217
100,11,6,330,0.20572424274870227
100,12,5,330,0.19125495358307787
100,13,6,330,0.18456952846530372
100,14,7,330,0.1644605432308126
100,15,6,330,0.13785991181454982
100,16,6,330,0.1582265469128883
100,17,6,330,0.18308501871912544
100,18,5,330,0.18704786077881252
100,19,6,330,0.2261571815107942
100,20,6,330,0.15774050323593342
100,21,6,330,0.2773363042862883
100,22,6,330,0.2593839421175027
100,23,6,330,0.17744618452129754
100,24,6,330,0.16166372224318346
100,25,5,330,0.17414714780959062
101,1,8,330,0.1841093496844583
101,2,6,330,0.16726657351901836
101,3,7,330,0.2170663248196145
101,4,7,330,0.19989204277385672
101,5,8,330,0.14538100197693862
101,6,9,330,0.2107061315905735
101,7,8,330,0.19046777269633067
101,8,8,330,0.1941478777894622
101,9,8,330,0.18164531169515047
101,10,8,330,0.15977151830595776
101,11,8,330,0.2155949899571523
101,12,6,330,0.18910655844792715
101,13,6,330,0.15428203064278573
101,14,7,330,0.19042804674951563
101,15,6,330,0.18725874590824357
101,16,7,330,0.20545513922311412
101,17,7,330,0.16684531148348988
101,18,7,330,0.24292548490144722
101,19,6,330,0.14165613433841112
101,20,6,330,0.16479113902974674
101,21,7,330,0.19874730656352013
101,22,8,330,0.2330242424220365
101,23,7,330,0.16331159239140333
101,24,8,330,0.22693428337110522
101,25,8,330,0.16413516488121102
102,1,6,330,0.18656000568313186
102,2,8,330,0.17530120865231347
102,3,8,330,0.202968271881958
102,4,6,330,0.18152041467327198
102,5,4,330,0.2304885781381863
102,6,5,330,0.1585756864459969
102,7,5,330,0.2544248534681314
102,8,6,330,0.23597650519534244
102,9,4,330,0.18577537254282092
102,10,7,330,0.24421482892187
102,11,7,330,0.2502622916826558
102,12,5,330,0.25653298455738
102,13,4,330,0.17994936921550791
102,14,5,330,0.1875857244078283
102,15,6,330,0.17820569735000105
102,16,6,330,0.1862049120680677
102,17,7,330,0.26321488137009474
102,18,9,330,0.18903132803391354
102,19,8,330,0.17882315845468696
102,20,4,330,0.1890049679518407
102,21,5,330,0.1951828019287322
102,22,6,330,0.19395074844854243
102,23,5,330,0.17970045129481008
102,24,3,330,0.21559204325450593
102,25,6,330,0.15343683334554378
103,1,9,330,0.179596120649097
103,2,8,330,0.1556172072311593
103,3,13,330,0.1817030481399675
103,4,8,330,0.16575358861478226
103,5,12,330,0.1686795979387355
103,6,8,330,0.19775396425912486
103,7,25,330,0.1559468988631955
103,8,8,330,0.1681773814519402
103,9,9,330,0.2191659005159471
103,10,8,330,0.1834264883372131
103,11,10,330,0.13775728367650614
103,12,19,330,0.1240931528582376
103,13,11,330,0.15560039650443433
103,14,13,330,0.15405494527460672
103,15,9,330,0.13151419044498944
103,16,16,330,0.14430797762669004
103,17,8,330,0.17906774501931755
103,18,9,330,0.16579029833191622
103,19,8,330,0.17448970687593543
103,20,6,330,0.2861618107751688
103,21,6,330,0.14347012649296684
103,22,6,330,0.22832660021593434
103,23,3,330,0.22684989310466816
104,1,3,330,0.20561707023877662
104,2,3,330,0.18936385215053209
104,3,3,330,0.19717749298296355
104,4,3,330,0.1937278201464848
104,5,3,330,0.20640532513100088
104,6,4,330,0.1973694042182862
104,7,3,330,0.21473322279331247
104,8,3,330,0.1852141458179563
104,9,3,330,0.22529617713879838
104,10,3,330,0.20212944782159115
104,11,3,330,0.22795505913992928
104,12,3,330,0.1953356275736453
104,13,3,330,0.20404625007942395
104,14,3,330,0.21967929265997357
104,15,4,330,0.19016852704170578
104,16,3,330,0.21487664502687984
104,17,3,330,0.22292604245741238
104,18,3,330,0.17948823108303355
104,19,3,330,0.18836095092332938
104,20,4,330,0.1908737773157132
104,21,4,330,0.18969330279064706
104,22,3,330,0.20516977587338636
104,23,5,330,0.19921624533060547
104,24,3,330,0.2050937271118458
104,25,3,330,0.17714817109748077
105,1,3,330,0.19046386874974203
105,2,3,330,0.23004136475762688
105,3,3,330,0.24314213878344737
105,4,3,330,0.28876315643557604
105,5,3,330,0.2466486686394967
105,6,4,330,0.25218617618702366
105,7,3,330,0.22195855388598248
105,8,3,330,0.21490859044601052
105,9,4,330,0.2501870465460606
105,10,3,330,0.20879282874198557
105,11,4,330,0.26489043359848485
105,12,4,330,0.2721068157230991
105,13,3,330,0.24023521887913685
105,14,3,330,0.2475333375320974
105,15,4,330,0.24758580170454356
105,16,3,330,0.20387566838679094
105,17,4,330,0.22824282850934663
105,18,4,330,0.20575481154916955
105,19,4,330,0.19883006648017953
105,20,4,330,0.2215431810629367
105,21,4,330,0.23396969291743147
105,22,3,330,0.28929324780254356
105,23,3,330,0.28592949308361926
105,24,3,330,0.2781979176507896
105,25,3,330,0.2513034764297417
105,26,3,330,0.25010862035382975
105,27,3,330,0.2781979176507896
106,1,13,330,0.1366858706650304
106,2,10,330,0.14605471034669767
106,3,12,330,0.11154594369611416
106,4,10,330,0.12150090460180518
106,5,10,330,0.17924120443087815
106,6,11,330,0.12541665726783371
106,7,12,330,0.14973326827978806
106,8,11,330,0.1471903121800692
106,9,12,330,0.12301132787714146
106,10,12,330,0.16005339902910937
106,11,12,330,0.1182043411923863
106,12,11,330,0.11351359813837235
106,13,11,330,0.14111034617211785
106,14,12,330,0.14961263656649565
106,15,10,330,0.165577658960981
106,16,11,330,0.14765271500572197
106,17,11,330,0.13258131715972804
106,18,12,330,0.11839007907187672
106,19,12,330,0.11196507114999912
106,20,12,330,0.13107165371155427
106,21,12,330,0.15008599133809158
106,22,12,330,0.12752466780321126
106,23,12,330,0.13696328216932446
106,24,12,330,0.09159889094001697
106,25,11,330,0.1304055167519249
107,1,7,330,0.1364868917632928
107,2,8,330,0.13019885619788468
107,3,7,330,0.19922543137911938
107,4,6,330,0.19010784470612968
107,5,5,330,0.1681915684812825
107,6,8,330,0.19836190895523056
107,7,6,330,0.20669250121574684
107,8,6,330,0.16577468185973102
107,9,7,330,0.1343501282673028
107,10,5,330,0.19207748472620717
107,11,11,330,0.21489859449663845
107,12,6,330,0.1648117242486974
107,13,6,330,0.1632242418997282
107,14,7,330,0.16980223816792275
107,15,8,330,0.20414773489317906
107,16,6,330,0.1773770235386574
107,17,7,330,0.22717507249054472
107,18,7,330,0.17358337052503384
107,19,6,330,0.16658722619695845
107,20,9,330,0.15328070775459077
107,21,6,330,0.1636059013660498
107,22,5,330,0.15297333780802835
107,23,7,330,0.18217238869213978
107,24,9,330,0.1769880387817509
107,25,7,330,0.18662781169937068
108,1,8,330,0.1705059344242148
108,2,6,330,0.19127896554400511
108,3,7,330,0.18261154230118146
108,4,5,330,0.1603598045163377
108,5,8,330,0.16940014862508487
108,6,7,330,0.15342379428078423
108,7,6,330,0.16220381764338604
108,8,8,330,0.17240130041430424
108,9,7,330,0.17049594252451078
108,10,6,330,0.1754621296478046
108,11,8,330,0.1573312130903141
108,12,8,330,0.16270137209568356
108,13,7,330,0.17784553633610198
108,14,7,330,0.1529276084065204
108,15,8,330,0.16519539452501605
108,16,9,330,0.15139925406747834
108,17,6,330,0.17911149939056298
108,18,8,330,0.1640370435821993
108,19,8,330,0.14608027162810805
108,20,8,330,0.1479065998472707
108,21,9,330,0.1889650585657034
108,22,9,330,0.2225056159417531
108,23,8,330,0.17569620096854238
108,24,7,330,0.225312946493291
108,25,7,330,0.16538941253210418
109,1,5,330,0.15119815186000352
109,2,10,330,0.16115755577427007
109,3,8,330,0.17027572056852233
109,4,8,330,0.165456711282666
109,5,12,330,0.15337477357024676
109,6,10,330,0.19237408289716879
109,7,8,330,0.17560722090780695
109,8,6,330,0.21575808774967137
109,9,5,330,0.16249925161246287
109,10,6,330,0.16615537798468039
109,11,7,330,0.16835842495645273
109,12,7,330,0.17882260756414092
109,13,6,330,0.1327552308688931
109,14,7,330,0.16552626457633768
109,15,7,330,0.19498073441088457
109,16,7,330,0.15322036334464828
109,17,7,330,0.16465861523315256
109,18,7,330,0.1773579566713981
109,19,11,330,0.21331593436028604
109,20,9,330,0.14445347906022257
109,21,8,330,0.20659682242980118
109,22,7,330,0.22432603766160739
109,23,12,330,0.1785718510439936
109,24,10,330,0.1379642411421498
109,25,13,330,0.16668560792402934
110,1,8,330,0.13557908433828111
110,2,8,330,0.12402319780519326
110,3,7,330,0.130414416869791
110,4,7,330,0.19932103189279385
110,5,9,330,0.1342351927404766
110,6,9,330,0.12583004958151317
110,7,7,330,0.15626594075118042
110,8,6,330,0.20407174687564544
110,9,9,330,0.13800532404459648
110,10,7,330,0.14676298270097093
110,11,8,330,0.17656684229910719
110,12,8,330,0.13308114416564013
110,13,8,330,0.13485004557644453
110,14,9,330,0.17161066000088093
110,15,9,330,0.13177195054518825
110,16,8,330,0.1504647301142748
110,17,8,330,0.16181267616628522
110,18,8,330,0.15257045302143932
110,19,7,330,0.15367230960206724
110,20,8,330,0.10871303335393065
110,21,7,330,0.14560644044044477
110,22,8,330,0.11441256212899387
110,23,8,330,0.13883462038362904
110,24,9,330,0.13862235169070908
110,25,7,330,0.13101078460284604
